Workbook

Sheet 0 - Instructions
A1: How to Use This Workbook — SCGPC Fire Resistance Testing
A3: Sheet | B3: Purpose | C3: What to do
A4: 0 - Instructions | B4: Overview and guide | C4: Read thoroughly before commencing furnace heating or CTM strength tests.
A5: 1 - Mix Reference | B5: 12 Mix matrix: SCBA (0-25%), 4M & 6M NaOH | C5: Fill in 28-day ambient strength (MPa) once Batch 1 provides the values.
A6: 2 - Raw Data Entry | B6: Main data recording sheet (144 cubes) | C6: Fill YELLOW cells during/after testing (Pre/Post mass, CTM failure load). GREEN cells calculate automatically.
A7: 3 - Charts & Curves | B7: Visual analysis dashboard (Bar Charts & Curves) | C7: Dynamically generated Bar Charts and Residual Strength vs Temperature Curves placed before the Results summary.
A8: 4 - Residual Strength Summary | B8: Auto-summary table & residual strength % | C8: Fully automated — computes average post-fire MPa and residual % for all 12 mixes across 200–800°C.
A9: 5 - Mass Loss Summary | B9: Auto-summary table of thermal mass loss % | C9: Fully automated — computes average mass loss % across 200°C, 400°C, 600°C, and 800°C.
A10: 6 - Visual Observations Log | B10: Physical condition tracking (144 specimens) | C10: Fill post-fire visual observations: colour change, surface cracking, and spalling.
A11: 7 - Schedule & Checklist | B11: 3-Week testing schedule & QA checklist | C11: Track progress across Weeks 14–16 and verify critical laboratory safety checks.
A14: COLOR CONVENTIONS & CODING
A15: Yellow cells | B15: INPUT CELLS — Enter experimental lab data manually (mass, failure load, visual notes)
A16: Green cells | B16: AUTO-CALCULATED — Contains formulas; do not overwrite
A17: Blue headers | B17: STRUCTURE — Mix parameters, column headers, and structural categories
A18: Orange cells | B18: CRITICAL WARNING / KEY MIX — Important safety note or optimum candidate (M9)

Sheet 1 - Mix Reference
A1: SCGPC Fire Resistance Study — Mix Proportions & Reference Matrix
A2: 12 Mixes | Fly Ash : GGBS = 70:30 fixed | Na2SiO3 : NaOH = 1:1 fixed | SCBA Replacement: 0–25% | Molarities: 4M & 6M
A4: Mix ID | B4: SCBA (%) | C4: Molarity | D4: Remaining Binder (%) | E4: Fly Ash (%) [in Binder] | F4: GGBS (%) [in Binder] | G4: Series Category | H4: Mix Notes & Characteristics | I4: 28-Day Comp. Strength (MPa) [Batch 1 Input]
A5: M0 | B5: 0 | C5: 4M | D5: 100 | E5: 70 | F5: 30 | G5: 4M Series (Control) | H5: Baseline — 0% SCBA, FA:GGBS 70:30, 4M NaOH
A6: M1 | B6: 5 | C6: 4M | D6: 95 | E6: 66.5 | F6: 28.5 | G6: 4M Series | H6: 5% SCBA replacement
A7: M2 | B7: 10 | C7: 4M | D7: 90 | E7: 63 | F7: 27 | G7: 4M Series | H7: 10% SCBA replacement
A8: M3 | B8: 15 | C8: 4M | D8: 85 | E8: 59.5 | F8: 25.5 | G8: 4M Series | H8: 15% SCBA replacement
A9: M4 | B9: 20 | C9: 4M | D9: 80 | E9: 56 | F9: 24 | G9: 4M Series | H9: 20% SCBA replacement
A10: M5 | B10: 25 | C10: 4M | D10: 75 | E10: 52.5 | F10: 22.5 | G10: 4M Series | H10: 25% SCBA upper bound — watch workability
A11: M6 | B11: 0 | C11: 6M | D11: 100 | E11: 70 | F11: 30 | G11: 6M Series (Control) | H11: Baseline — 0% SCBA, FA:GGBS 70:30, 6M NaOH
A12: M7 | B12: 5 | C12: 6M | D12: 95 | E12: 66.5 | F12: 28.5 | G12: 6M Series | H12: 5% SCBA replacement
A13: M8 | B13: 10 | C13: 6M | D13: 90 | E13: 63 | F13: 27 | G13: 6M Series | H13: 10% SCBA replacement
A14: M9 | B14: 15 | C14: 6M | D14: 85 | E14: 59.5 | F14: 25.5 | G14: 6M Series (Key Mix) | H14: 15% SCBA — likely optimum mix
A15: M10 | B15: 20 | C15: 6M | D15: 80 | E15: 56 | F15: 24 | G15: 6M Series | H15: 20% SCBA replacement
A16: M11 | B16: 25 | C16: 6M | D16: 75 | E16: 52.5 | F16: 22.5 | G16: 6M Series | H16: 25% SCBA upper bound — watch workability

Sheet 2 - Raw Data Entry
A1: SCGPC Fire Resistance Testing — Raw Experimental Data Entry
A2: Fill YELLOW cells during laboratory testing. GREEN cells are computed automatically. Specimen size: 100mm cube (Area = 10,000 mm²).
A3: SPECIMEN IDENTIFICATION | D3: PRE-FIRE MEASUREMENTS | F3: POST-FIRE OBSERVATIONS | J3: CTM STRENGTH TESTING | M3: AUTO-CALCULATED RESULTS | P3: RECORDS
A4: Mix ID | B4: Temperature (°C) | C4: Replicate (1/2/3) | D4: Pre-Fire Mass (g) | E4: Pre-Fire Notes | F4: Post-Fire Mass (g) | G4: Colour Change | H4: Cracking (None/Min/Maj) | I4: Spalling (None/Part/Sev) | J4: Failure Load (kN) | K4: Failure Load (N) [auto] | L4: 28-Day Str. (MPa) [Ref] | M4: Mass Loss (%) [auto] | N4: Residual Strength (MPa) [auto] | O4: Residual Strength (%) [auto] | P4: Photo Filename
A5: M0 | B5: 200 | C5: 1 | K5: =IF(J5="","",J5*1000) | L5: =IF('1 - Mix Reference'!I5="","",'1 - Mix Reference'!I5) | M5: =IF(OR(D5="",F5=""),"",((D5-F5)/D5)*100) | N5: =IF(K5="","",K5/10000) | O5: =IF(OR(N5="",L5="",L5=0),"",(N5/L5)*100)
A6: M0 | B6: 200 | C6: 2 | K6: =IF(J6="","",J6*1000) | L6: =IF('1 - Mix Reference'!I5="","",'1 - Mix Reference'!I5) | M6: =IF(OR(D6="",F6=""),"",((D6-F6)/D6)*100) | N6: =IF(K6="","",K6/10000) | O6: =IF(OR(N6="",L6="",L6=0),"",(N6/L6)*100)
A7: M0 | B7: 200 | C7: 3 | K7: =IF(J7="","",J7*1000) | L7: =IF('1 - Mix Reference'!I5="","",'1 - Mix Reference'!I5) | M7: =IF(OR(D7="",F7=""),"",((D7-F7)/D7)*100) | N7: =IF(K7="","",K7/10000) | O7: =IF(OR(N7="",L7="",L7=0),"",(N7/L7)*100)
A8: M1 | B8: 200 | C8: 1 | K8: =IF(J8="","",J8*1000) | L8: =IF('1 - Mix Reference'!I6="","",'1 - Mix Reference'!I6) | M8: =IF(OR(D8="",F8=""),"",((D8-F8)/D8)*100) | N8: =IF(K8="","",K8/10000) | O8: =IF(OR(N8="",L8="",L8=0),"",(N8/L8)*100)
A9: M1 | B9: 200 | C9: 2 | K9: =IF(J9="","",J9*1000) | L9: =IF('1 - Mix Reference'!I6="","",'1 - Mix Reference'!I6) | M9: =IF(OR(D9="",F9=""),"",((D9-F9)/D9)*100) | N9: =IF(K9="","",K9/10000) | O9: =IF(OR(N9="",L9="",L9=0),"",(N9/L9)*100)
A10: M1 | B10: 200 | C10: 3 | K10: =IF(J10="","",J10*1000) | L10: =IF('1 - Mix Reference'!I6="","",'1 - Mix Reference'!I6) | M10: =IF(OR(D10="",F10=""),"",((D10-F10)/D10)*100) | N10: =IF(K10="","",K10/10000) | O10: =IF(OR(N10="",L10="",L10=0),"",(N10/L10)*100)
A11: M2 | B11: 200 | C11: 1 | K11: =IF(J11="","",J11*1000) | L11: =IF('1 - Mix Reference'!I7="","",'1 - Mix Reference'!I7) | M11: =IF(OR(D11="",F11=""),"",((D11-F11)/D11)*100) | N11: =IF(K11="","",K11/10000) | O11: =IF(OR(N11="",L11="",L11=0),"",(N11/L11)*100)
A12: M2 | B12: 200 | C12: 2 | K12: =IF(J12="","",J12*1000) | L12: =IF('1 - Mix Reference'!I7="","",'1 - Mix Reference'!I7) | M12: =IF(OR(D12="",F12=""),"",((D12-F12)/D12)*100) | N12: =IF(K12="","",K12/10000) | O12: =IF(OR(N12="",L12="",L12=0),"",(N12/L12)*100)
A13: M2 | B13: 200 | C13: 3 | K13: =IF(J13="","",J13*1000) | L13: =IF('1 - Mix Reference'!I7="","",'1 - Mix Reference'!I7) | M13: =IF(OR(D13="",F13=""),"",((D13-F13)/D13)*100) | N13: =IF(K13="","",K13/10000) | O13: =IF(OR(N13="",L13="",L13=0),"",(N13/L13)*100)
A14: M3 | B14: 200 | C14: 1 | K14: =IF(J14="","",J14*1000) | L14: =IF('1 - Mix Reference'!I8="","",'1 - Mix Reference'!I8) | M14: =IF(OR(D14="",F14=""),"",((D14-F14)/D14)*100) | N14: =IF(K14="","",K14/10000) | O14: =IF(OR(N14="",L14="",L14=0),"",(N14/L14)*100)
A15: M3 | B15: 200 | C15: 2 | K15: =IF(J15="","",J15*1000) | L15: =IF('1 - Mix Reference'!I8="","",'1 - Mix Reference'!I8) | M15: =IF(OR(D15="",F15=""),"",((D15-F15)/D15)*100) | N15: =IF(K15="","",K15/10000) | O15: =IF(OR(N15="",L15="",L15=0),"",(N15/L15)*100)
A16: M3 | B16: 200 | C16: 3 | K16: =IF(J16="","",J16*1000) | L16: =IF('1 - Mix Reference'!I8="","",'1 - Mix Reference'!I8) | M16: =IF(OR(D16="",F16=""),"",((D16-F16)/D16)*100) | N16: =IF(K16="","",K16/10000) | O16: =IF(OR(N16="",L16="",L16=0),"",(N16/L16)*100)
A17: M4 | B17: 200 | C17: 1 | K17: =IF(J17="","",J17*1000) | L17: =IF('1 - Mix Reference'!I9="","",'1 - Mix Reference'!I9) | M17: =IF(OR(D17="",F17=""),"",((D17-F17)/D17)*100) | N17: =IF(K17="","",K17/10000) | O17: =IF(OR(N17="",L17="",L17=0),"",(N17/L17)*100)
A18: M4 | B18: 200 | C18: 2 | K18: =IF(J18="","",J18*1000) | L18: =IF('1 - Mix Reference'!I9="","",'1 - Mix Reference'!I9) | M18: =IF(OR(D18="",F18=""),"",((D18-F18)/D18)*100) | N18: =IF(K18="","",K18/10000) | O18: =IF(OR(N18="",L18="",L18=0),"",(N18/L18)*100)
A19: M4 | B19: 200 | C19: 3 | K19: =IF(J19="","",J19*1000) | L19: =IF('1 - Mix Reference'!I9="","",'1 - Mix Reference'!I9) | M19: =IF(OR(D19="",F19=""),"",((D19-F19)/D19)*100) | N19: =IF(K19="","",K19/10000) | O19: =IF(OR(N19="",L19="",L19=0),"",(N19/L19)*100)
A20: M5 | B20: 200 | C20: 1 | K20: =IF(J20="","",J20*1000) | L20: =IF('1 - Mix Reference'!I10="","",'1 - Mix Reference'!I10) | M20: =IF(OR(D20="",F20=""),"",((D20-F20)/D20)*100) | N20: =IF(K20="","",K20/10000) | O20: =IF(OR(N20="",L20="",L20=0),"",(N20/L20)*100)
A21: M5 | B21: 200 | C21: 2 | K21: =IF(J21="","",J21*1000) | L21: =IF('1 - Mix Reference'!I10="","",'1 - Mix Reference'!I10) | M21: =IF(OR(D21="",F21=""),"",((D21-F21)/D21)*100) | N21: =IF(K21="","",K21/10000) | O21: =IF(OR(N21="",L21="",L21=0),"",(N21/L21)*100)
A22: M5 | B22: 200 | C22: 3 | K22: =IF(J22="","",J22*1000) | L22: =IF('1 - Mix Reference'!I10="","",'1 - Mix Reference'!I10) | M22: =IF(OR(D22="",F22=""),"",((D22-F22)/D22)*100) | N22: =IF(K22="","",K22/10000) | O22: =IF(OR(N22="",L22="",L22=0),"",(N22/L22)*100)
A23: M6 | B23: 200 | C23: 1 | K23: =IF(J23="","",J23*1000) | L23: =IF('1 - Mix Reference'!I11="","",'1 - Mix Reference'!I11) | M23: =IF(OR(D23="",F23=""),"",((D23-F23)/D23)*100) | N23: =IF(K23="","",K23/10000) | O23: =IF(OR(N23="",L23="",L23=0),"",(N23/L23)*100)
A24: M6 | B24: 200 | C24: 2 | K24: =IF(J24="","",J24*1000) | L24: =IF('1 - Mix Reference'!I11="","",'1 - Mix Reference'!I11) | M24: =IF(OR(D24="",F24=""),"",((D24-F24)/D24)*100) | N24: =IF(K24="","",K24/10000) | O24: =IF(OR(N24="",L24="",L24=0),"",(N24/L24)*100)
A25: M6 | B25: 200 | C25: 3 | K25: =IF(J25="","",J25*1000) | L25: =IF('1 - Mix Reference'!I11="","",'1 - Mix Reference'!I11) | M25: =IF(OR(D25="",F25=""),"",((D25-F25)/D25)*100) | N25: =IF(K25="","",K25/10000) | O25: =IF(OR(N25="",L25="",L25=0),"",(N25/L25)*100)
A26: M7 | B26: 200 | C26: 1 | K26: =IF(J26="","",J26*1000) | L26: =IF('1 - Mix Reference'!I12="","",'1 - Mix Reference'!I12) | M26: =IF(OR(D26="",F26=""),"",((D26-F26)/D26)*100) | N26: =IF(K26="","",K26/10000) | O26: =IF(OR(N26="",L26="",L26=0),"",(N26/L26)*100)
A27: M7 | B27: 200 | C27: 2 | K27: =IF(J27="","",J27*1000) | L27: =IF('1 - Mix Reference'!I12="","",'1 - Mix Reference'!I12) | M27: =IF(OR(D27="",F27=""),"",((D27-F27)/D27)*100) | N27: =IF(K27="","",K27/10000) | O27: =IF(OR(N27="",L27="",L27=0),"",(N27/L27)*100)
A28: M7 | B28: 200 | C28: 3 | K28: =IF(J28="","",J28*1000) | L28: =IF('1 - Mix Reference'!I12="","",'1 - Mix Reference'!I12) | M28: =IF(OR(D28="",F28=""),"",((D28-F28)/D28)*100) | N28: =IF(K28="","",K28/10000) | O28: =IF(OR(N28="",L28="",L28=0),"",(N28/L28)*100)
A29: M8 | B29: 200 | C29: 1 | K29: =IF(J29="","",J29*1000) | L29: =IF('1 - Mix Reference'!I13="","",'1 - Mix Reference'!I13) | M29: =IF(OR(D29="",F29=""),"",((D29-F29)/D29)*100) | N29: =IF(K29="","",K29/10000) | O29: =IF(OR(N29="",L29="",L29=0),"",(N29/L29)*100)
A30: M8 | B30: 200 | C30: 2 | K30: =IF(J30="","",J30*1000) | L30: =IF('1 - Mix Reference'!I13="","",'1 - Mix Reference'!I13) | M30: =IF(OR(D30="",F30=""),"",((D30-F30)/D30)*100) | N30: =IF(K30="","",K30/10000) | O30: =IF(OR(N30="",L30="",L30=0),"",(N30/L30)*100)
A31: M8 | B31: 200 | C31: 3 | K31: =IF(J31="","",J31*1000) | L31: =IF('1 - Mix Reference'!I13="","",'1 - Mix Reference'!I13) | M31: =IF(OR(D31="",F31=""),"",((D31-F31)/D31)*100) | N31: =IF(K31="","",K31/10000) | O31: =IF(OR(N31="",L31="",L31=0),"",(N31/L31)*100)
A32: M9 | B32: 200 | C32: 1 | K32: =IF(J32="","",J32*1000) | L32: =IF('1 - Mix Reference'!I14="","",'1 - Mix Reference'!I14) | M32: =IF(OR(D32="",F32=""),"",((D32-F32)/D32)*100) | N32: =IF(K32="","",K32/10000) | O32: =IF(OR(N32="",L32="",L32=0),"",(N32/L32)*100)
A33: M9 | B33: 200 | C33: 2 | K33: =IF(J33="","",J33*1000) | L33: =IF('1 - Mix Reference'!I14="","",'1 - Mix Reference'!I14) | M33: =IF(OR(D33="",F33=""),"",((D33-F33)/D33)*100) | N33: =IF(K33="","",K33/10000) | O33: =IF(OR(N33="",L33="",L33=0),"",(N33/L33)*100)
A34: M9 | B34: 200 | C34: 3 | K34: =IF(J34="","",J34*1000) | L34: =IF('1 - Mix Reference'!I14="","",'1 - Mix Reference'!I14) | M34: =IF(OR(D34="",F34=""),"",((D34-F34)/D34)*100) | N34: =IF(K34="","",K34/10000) | O34: =IF(OR(N34="",L34="",L34=0),"",(N34/L34)*100)
A35: M10 | B35: 200 | C35: 1 | K35: =IF(J35="","",J35*1000) | L35: =IF('1 - Mix Reference'!I15="","",'1 - Mix Reference'!I15) | M35: =IF(OR(D35="",F35=""),"",((D35-F35)/D35)*100) | N35: =IF(K35="","",K35/10000) | O35: =IF(OR(N35="",L35="",L35=0),"",(N35/L35)*100)
A36: M10 | B36: 200 | C36: 2 | K36: =IF(J36="","",J36*1000) | L36: =IF('1 - Mix Reference'!I15="","",'1 - Mix Reference'!I15) | M36: =IF(OR(D36="",F36=""),"",((D36-F36)/D36)*100) | N36: =IF(K36="","",K36/10000) | O36: =IF(OR(N36="",L36="",L36=0),"",(N36/L36)*100)
A37: M10 | B37: 200 | C37: 3 | K37: =IF(J37="","",J37*1000) | L37: =IF('1 - Mix Reference'!I15="","",'1 - Mix Reference'!I15) | M37: =IF(OR(D37="",F37=""),"",((D37-F37)/D37)*100) | N37: =IF(K37="","",K37/10000) | O37: =IF(OR(N37="",L37="",L37=0),"",(N37/L37)*100)
A38: M11 | B38: 200 | C38: 1 | K38: =IF(J38="","",J38*1000) | L38: =IF('1 - Mix Reference'!I16="","",'1 - Mix Reference'!I16) | M38: =IF(OR(D38="",F38=""),"",((D38-F38)/D38)*100) | N38: =IF(K38="","",K38/10000) | O38: =IF(OR(N38="",L38="",L38=0),"",(N38/L38)*100)
A39: M11 | B39: 200 | C39: 2 | K39: =IF(J39="","",J39*1000) | L39: =IF('1 - Mix Reference'!I16="","",'1 - Mix Reference'!I16) | M39: =IF(OR(D39="",F39=""),"",((D39-F39)/D39)*100) | N39: =IF(K39="","",K39/10000) | O39: =IF(OR(N39="",L39="",L39=0),"",(N39/L39)*100)
A40: M11 | B40: 200 | C40: 3 | K40: =IF(J40="","",J40*1000) | L40: =IF('1 - Mix Reference'!I16="","",'1 - Mix Reference'!I16) | M40: =IF(OR(D40="",F40=""),"",((D40-F40)/D40)*100) | N40: =IF(K40="","",K40/10000) | O40: =IF(OR(N40="",L40="",L40=0),"",(N40/L40)*100)
A41: M0 | B41: 400 | C41: 1 | K41: =IF(J41="","",J41*1000) | L41: =IF('1 - Mix Reference'!I5="","",'1 - Mix Reference'!I5) | M41: =IF(OR(D41="",F41=""),"",((D41-F41)/D41)*100) | N41: =IF(K41="","",K41/10000) | O41: =IF(OR(N41="",L41="",L41=0),"",(N41/L41)*100)
A42: M0 | B42: 400 | C42: 2 | K42: =IF(J42="","",J42*1000) | L42: =IF('1 - Mix Reference'!I5="","",'1 - Mix Reference'!I5) | M42: =IF(OR(D42="",F42=""),"",((D42-F42)/D42)*100) | N42: =IF(K42="","",K42/10000) | O42: =IF(OR(N42="",L42="",L42=0),"",(N42/L42)*100)
A43: M0 | B43: 400 | C43: 3 | K43: =IF(J43="","",J43*1000) | L43: =IF('1 - Mix Reference'!I5="","",'1 - Mix Reference'!I5) | M43: =IF(OR(D43="",F43=""),"",((D43-F43)/D43)*100) | N43: =IF(K43="","",K43/10000) | O43: =IF(OR(N43="",L43="",L43=0),"",(N43/L43)*100)
A44: M1 | B44: 400 | C44: 1 | K44: =IF(J44="","",J44*1000) | L44: =IF('1 - Mix Reference'!I6="","",'1 - Mix Reference'!I6) | M44: =IF(OR(D44="",F44=""),"",((D44-F44)/D44)*100) | N44: =IF(K44="","",K44/10000) | O44: =IF(OR(N44="",L44="",L44=0),"",(N44/L44)*100)
A45: M1 | B45: 400 | C45: 2 | K45: =IF(J45="","",J45*1000) | L45: =IF('1 - Mix Reference'!I6="","",'1 - Mix Reference'!I6) | M45: =IF(OR(D45="",F45=""),"",((D45-F45)/D45)*100) | N45: =IF(K45="","",K45/10000) | O45: =IF(OR(N45="",L45="",L45=0),"",(N45/L45)*100)
A46: M1 | B46: 400 | C46: 3 | K46: =IF(J46="","",J46*1000) | L46: =IF('1 - Mix Reference'!I6="","",'1 - Mix Reference'!I6) | M46: =IF(OR(D46="",F46=""),"",((D46-F46)/D46)*100) | N46: =IF(K46="","",K46/10000) | O46: =IF(OR(N46="",L46="",L46=0),"",(N46/L46)*100)
A47: M2 | B47: 400 | C47: 1 | K47: =IF(J47="","",J47*1000) | L47: =IF('1 - Mix Reference'!I7="","",'1 - Mix Reference'!I7) | M47: =IF(OR(D47="",F47=""),"",((D47-F47)/D47)*100) | N47: =IF(K47="","",K47/10000) | O47: =IF(OR(N47="",L47="",L47=0),"",(N47/L47)*100)
A48: M2 | B48: 400 | C48: 2 | K48: =IF(J48="","",J48*1000) | L48: =IF('1 - Mix Reference'!I7="","",'1 - Mix Reference'!I7) | M48: =IF(OR(D48="",F48=""),"",((D48-F48)/D48)*100) | N48: =IF(K48="","",K48/10000) | O48: =IF(OR(N48="",L48="",L48=0),"",(N48/L48)*100)
A49: M2 | B49: 400 | C49: 3 | K49: =IF(J49="","",J49*1000) | L49: =IF('1 - Mix Reference'!I7="","",'1 - Mix Reference'!I7) | M49: =IF(OR(D49="",F49=""),"",((D49-F49)/D49)*100) | N49: =IF(K49="","",K49/10000) | O49: =IF(OR(N49="",L49="",L49=0),"",(N49/L49)*100)
A50: M3 | B50: 400 | C50: 1 | K50: =IF(J50="","",J50*1000) | L50: =IF('1 - Mix Reference'!I8="","",'1 - Mix Reference'!I8) | M50: =IF(OR(D50="",F50=""),"",((D50-F50)/D50)*100) | N50: =IF(K50="","",K50/10000) | O50: =IF(OR(N50="",L50="",L50=0),"",(N50/L50)*100)
A51: M3 | B51: 400 | C51: 2 | K51: =IF(J51="","",J51*1000) | L51: =IF('1 - Mix Reference'!I8="","",'1 - Mix Reference'!I8) | M51: =IF(OR(D51="",F51=""),"",((D51-F51)/D51)*100) | N51: =IF(K51="","",K51/10000) | O51: =IF(OR(N51="",L51="",L51=0),"",(N51/L51)*100)
A52: M3 | B52: 400 | C52: 3 | K52: =IF(J52="","",J52*1000) | L52: =IF('1 - Mix Reference'!I8="","",'1 - Mix Reference'!I8) | M52: =IF(OR(D52="",F52=""),"",((D52-F52)/D52)*100) | N52: =IF(K52="","",K52/10000) | O52: =IF(OR(N52="",L52="",L52=0),"",(N52/L52)*100)
A53: M4 | B53: 400 | C53: 1 | K53: =IF(J53="","",J53*1000) | L53: =IF('1 - Mix Reference'!I9="","",'1 - Mix Reference'!I9) | M53: =IF(OR(D53="",F53=""),"",((D53-F53)/D53)*100) | N53: =IF(K53="","",K53/10000) | O53: =IF(OR(N53="",L53="",L53=0),"",(N53/L53)*100)
A54: M4 | B54: 400 | C54: 2 | K54: =IF(J54="","",J54*1000) | L54: =IF('1 - Mix Reference'!I9="","",'1 - Mix Reference'!I9) | M54: =IF(OR(D54="",F54=""),"",((D54-F54)/D54)*100) | N54: =IF(K54="","",K54/10000) | O54: =IF(OR(N54="",L54="",L54=0),"",(N54/L54)*100)
A55: M4 | B55: 400 | C55: 3 | K55: =IF(J55="","",J55*1000) | L55: =IF('1 - Mix Reference'!I9="","",'1 - Mix Reference'!I9) | M55: =IF(OR(D55="",F55=""),"",((D55-F55)/D55)*100) | N55: =IF(K55="","",K55/10000) | O55: =IF(OR(N55="",L55="",L55=0),"",(N55/L55)*100)
A56: M5 | B56: 400 | C56: 1 | K56: =IF(J56="","",J56*1000) | L56: =IF('1 - Mix Reference'!I10="","",'1 - Mix Reference'!I10) | M56: =IF(OR(D56="",F56=""),"",((D56-F56)/D56)*100) | N56: =IF(K56="","",K56/10000) | O56: =IF(OR(N56="",L56="",L56=0),"",(N56/L56)*100)
A57: M5 | B57: 400 | C57: 2 | K57: =IF(J57="","",J57*1000) | L57: =IF('1 - Mix Reference'!I10="","",'1 - Mix Reference'!I10) | M57: =IF(OR(D57="",F57=""),"",((D57-F57)/D57)*100) | N57: =IF(K57="","",K57/10000) | O57: =IF(OR(N57="",L57="",L57=0),"",(N57/L57)*100)
A58: M5 | B58: 400 | C58: 3 | K58: =IF(J58="","",J58*1000) | L58: =IF('1 - Mix Reference'!I10="","",'1 - Mix Reference'!I10) | M58: =IF(OR(D58="",F58=""),"",((D58-F58)/D58)*100) | N58: =IF(K58="","",K58/10000) | O58: =IF(OR(N58="",L58="",L58=0),"",(N58/L58)*100)
A59: M6 | B59: 400 | C59: 1 | K59: =IF(J59="","",J59*1000) | L59: =IF('1 - Mix Reference'!I11="","",'1 - Mix Reference'!I11) | M59: =IF(OR(D59="",F59=""),"",((D59-F59)/D59)*100) | N59: =IF(K59="","",K59/10000) | O59: =IF(OR(N59="",L59="",L59=0),"",(N59/L59)*100)
A60: M6 | B60: 400 | C60: 2 | K60: =IF(J60="","",J60*1000) | L60: =IF('1 - Mix Reference'!I11="","",'1 - Mix Reference'!I11) | M60: =IF(OR(D60="",F60=""),"",((D60-F60)/D60)*100) | N60: =IF(K60="","",K60/10000) | O60: =IF(OR(N60="",L60="",L60=0),"",(N60/L60)*100)
A61: M6 | B61: 400 | C61: 3 | K61: =IF(J61="","",J61*1000) | L61: =IF('1 - Mix Reference'!I11="","",'1 - Mix Reference'!I11) | M61: =IF(OR(D61="",F61=""),"",((D61-F61)/D61)*100) | N61: =IF(K61="","",K61/10000) | O61: =IF(OR(N61="",L61="",L61=0),"",(N61/L61)*100)
A62: M7 | B62: 400 | C62: 1 | K62: =IF(J62="","",J62*1000) | L62: =IF('1 - Mix Reference'!I12="","",'1 - Mix Reference'!I12) | M62: =IF(OR(D62="",F62=""),"",((D62-F62)/D62)*100) | N62: =IF(K62="","",K62/10000) | O62: =IF(OR(N62="",L62="",L62=0),"",(N62/L62)*100)
A63: M7 | B63: 400 | C63: 2 | K63: =IF(J63="","",J63*1000) | L63: =IF('1 - Mix Reference'!I12="","",'1 - Mix Reference'!I12) | M63: =IF(OR(D63="",F63=""),"",((D63-F63)/D63)*100) | N63: =IF(K63="","",K63/10000) | O63: =IF(OR(N63="",L63="",L63=0),"",(N63/L63)*100)
A64: M7 | B64: 400 | C64: 3 | K64: =IF(J64="","",J64*1000) | L64: =IF('1 - Mix Reference'!I12="","",'1 - Mix Reference'!I12) | M64: =IF(OR(D64="",F64=""),"",((D64-F64)/D64)*100) | N64: =IF(K64="","",K64/10000) | O64: =IF(OR(N64="",L64="",L64=0),"",(N64/L64)*100)
A65: M8 | B65: 400 | C65: 1 | K65: =IF(J65="","",J65*1000) | L65: =IF('1 - Mix Reference'!I13="","",'1 - Mix Reference'!I13) | M65: =IF(OR(D65="",F65=""),"",((D65-F65)/D65)*100) | N65: =IF(K65="","",K65/10000) | O65: =IF(OR(N65="",L65="",L65=0),"",(N65/L65)*100)
A66: M8 | B66: 400 | C66: 2 | K66: =IF(J66="","",J66*1000) | L66: =IF('1 - Mix Reference'!I13="","",'1 - Mix Reference'!I13) | M66: =IF(OR(D66="",F66=""),"",((D66-F66)/D66)*100) | N66: =IF(K66="","",K66/10000) | O66: =IF(OR(N66="",L66="",L66=0),"",(N66/L66)*100)
A67: M8 | B67: 400 | C67: 3 | K67: =IF(J67="","",J67*1000) | L67: =IF('1 - Mix Reference'!I13="","",'1 - Mix Reference'!I13) | M67: =IF(OR(D67="",F67=""),"",((D67-F67)/D67)*100) | N67: =IF(K67="","",K67/10000) | O67: =IF(OR(N67="",L67="",L67=0),"",(N67/L67)*100)
A68: M9 | B68: 400 | C68: 1 | K68: =IF(J68="","",J68*1000) | L68: =IF('1 - Mix Reference'!I14="","",'1 - Mix Reference'!I14) | M68: =IF(OR(D68="",F68=""),"",((D68-F68)/D68)*100) | N68: =IF(K68="","",K68/10000) | O68: =IF(OR(N68="",L68="",L68=0),"",(N68/L68)*100)
A69: M9 | B69: 400 | C69: 2 | K69: =IF(J69="","",J69*1000) | L69: =IF('1 - Mix Reference'!I14="","",'1 - Mix Reference'!I14) | M69: =IF(OR(D69="",F69=""),"",((D69-F69)/D69)*100) | N69: =IF(K69="","",K69/10000) | O69: =IF(OR(N69="",L69="",L69=0),"",(N69/L69)*100)
A70: M9 | B70: 400 | C70: 3 | K70: =IF(J70="","",J70*1000) | L70: =IF('1 - Mix Reference'!I14="","",'1 - Mix Reference'!I14) | M70: =IF(OR(D70="",F70=""),"",((D70-F70)/D70)*100) | N70: =IF(K70="","",K70/10000) | O70: =IF(OR(N70="",L70="",L70=0),"",(N70/L70)*100)
A71: M10 | B71: 400 | C71: 1 | K71: =IF(J71="","",J71*1000) | L71: =IF('1 - Mix Reference'!I15="","",'1 - Mix Reference'!I15) | M71: =IF(OR(D71="",F71=""),"",((D71-F71)/D71)*100) | N71: =IF(K71="","",K71/10000) | O71: =IF(OR(N71="",L71="",L71=0),"",(N71/L71)*100)
A72: M10 | B72: 400 | C72: 2 | K72: =IF(J72="","",J72*1000) | L72: =IF('1 - Mix Reference'!I15="","",'1 - Mix Reference'!I15) | M72: =IF(OR(D72="",F72=""),"",((D72-F72)/D72)*100) | N72: =IF(K72="","",K72/10000) | O72: =IF(OR(N72="",L72="",L72=0),"",(N72/L72)*100)
A73: M10 | B73: 400 | C73: 3 | K73: =IF(J73="","",J73*1000) | L73: =IF('1 - Mix Reference'!I15="","",'1 - Mix Reference'!I15) | M73: =IF(OR(D73="",F73=""),"",((D73-F73)/D73)*100) | N73: =IF(K73="","",K73/10000) | O73: =IF(OR(N73="",L73="",L73=0),"",(N73/L73)*100)
A74: M11 | B74: 400 | C74: 1 | K74: =IF(J74="","",J74*1000) | L74: =IF('1 - Mix Reference'!I16="","",'1 - Mix Reference'!I16) | M74: =IF(OR(D74="",F74=""),"",((D74-F74)/D74)*100) | N74: =IF(K74="","",K74/10000) | O74: =IF(OR(N74="",L74="",L74=0),"",(N74/L74)*100)
A75: M11 | B75: 400 | C75: 2 | K75: =IF(J75="","",J75*1000) | L75: =IF('1 - Mix Reference'!I16="","",'1 - Mix Reference'!I16) | M75: =IF(OR(D75="",F75=""),"",((D75-F75)/D75)*100) | N75: =IF(K75="","",K75/10000) | O75: =IF(OR(N75="",L75="",L75=0),"",(N75/L75)*100)
A76: M11 | B76: 400 | C76: 3 | K76: =IF(J76="","",J76*1000) | L76: =IF('1 - Mix Reference'!I16="","",'1 - Mix Reference'!I16) | M76: =IF(OR(D76="",F76=""),"",((D76-F76)/D76)*100) | N76: =IF(K76="","",K76/10000) | O76: =IF(OR(N76="",L76="",L76=0),"",(N76/L76)*100)
A77: M0 | B77: 600 | C77: 1 | K77: =IF(J77="","",J77*1000) | L77: =IF('1 - Mix Reference'!I5="","",'1 - Mix Reference'!I5) | M77: =IF(OR(D77="",F77=""),"",((D77-F77)/D77)*100) | N77: =IF(K77="","",K77/10000) | O77: =IF(OR(N77="",L77="",L77=0),"",(N77/L77)*100)
A78: M0 | B78: 600 | C78: 2 | K78: =IF(J78="","",J78*1000) | L78: =IF('1 - Mix Reference'!I5="","",'1 - Mix Reference'!I5) | M78: =IF(OR(D78="",F78=""),"",((D78-F78)/D78)*100) | N78: =IF(K78="","",K78/10000) | O78: =IF(OR(N78="",L78="",L78=0),"",(N78/L78)*100)
A79: M0 | B79: 600 | C79: 3 | K79: =IF(J79="","",J79*1000) | L79: =IF('1 - Mix Reference'!I5="","",'1 - Mix Reference'!I5) | M79: =IF(OR(D79="",F79=""),"",((D79-F79)/D79)*100) | N79: =IF(K79="","",K79/10000) | O79: =IF(OR(N79="",L79="",L79=0),"",(N79/L79)*100)
A80: M1 | B80: 600 | C80: 1 | K80: =IF(J80="","",J80*1000) | L80: =IF('1 - Mix Reference'!I6="","",'1 - Mix Reference'!I6) | M80: =IF(OR(D80="",F80=""),"",((D80-F80)/D80)*100) | N80: =IF(K80="","",K80/10000) | O80: =IF(OR(N80="",L80="",L80=0),"",(N80/L80)*100)
A81: M1 | B81: 600 | C81: 2 | K81: =IF(J81="","",J81*1000) | L81: =IF('1 - Mix Reference'!I6="","",'1 - Mix Reference'!I6) | M81: =IF(OR(D81="",F81=""),"",((D81-F81)/D81)*100) | N81: =IF(K81="","",K81/10000) | O81: =IF(OR(N81="",L81="",L81=0),"",(N81/L81)*100)
A82: M1 | B82: 600 | C82: 3 | K82: =IF(J82="","",J82*1000) | L82: =IF('1 - Mix Reference'!I6="","",'1 - Mix Reference'!I6) | M82: =IF(OR(D82="",F82=""),"",((D82-F82)/D82)*100) | N82: =IF(K82="","",K82/10000) | O82: =IF(OR(N82="",L82="",L82=0),"",(N82/L82)*100)
A83: M2 | B83: 600 | C83: 1 | K83: =IF(J83="","",J83*1000) | L83: =IF('1 - Mix Reference'!I7="","",'1 - Mix Reference'!I7) | M83: =IF(OR(D83="",F83=""),"",((D83-F83)/D83)*100) | N83: =IF(K83="","",K83/10000) | O83: =IF(OR(N83="",L83="",L83=0),"",(N83/L83)*100)
A84: M2 | B84: 600 | C84: 2 | K84: =IF(J84="","",J84*1000) | L84: =IF('1 - Mix Reference'!I7="","",'1 - Mix Reference'!I7) | M84: =IF(OR(D84="",F84=""),"",((D84-F84)/D84)*100) | N84: =IF(K84="","",K84/10000) | O84: =IF(OR(N84="",L84="",L84=0),"",(N84/L84)*100)
A85: M2 | B85: 600 | C85: 3 | K85: =IF(J85="","",J85*1000) | L85: =IF('1 - Mix Reference'!I7="","",'1 - Mix Reference'!I7) | M85: =IF(OR(D85="",F85=""),"",((D85-F85)/D85)*100) | N85: =IF(K85="","",K85/10000) | O85: =IF(OR(N85="",L85="",L85=0),"",(N85/L85)*100)
A86: M3 | B86: 600 | C86: 1 | K86: =IF(J86="","",J86*1000) | L86: =IF('1 - Mix Reference'!I8="","",'1 - Mix Reference'!I8) | M86: =IF(OR(D86="",F86=""),"",((D86-F86)/D86)*100) | N86: =IF(K86="","",K86/10000) | O86: =IF(OR(N86="",L86="",L86=0),"",(N86/L86)*100)
A87: M3 | B87: 600 | C87: 2 | K87: =IF(J87="","",J87*1000) | L87: =IF('1 - Mix Reference'!I8="","",'1 - Mix Reference'!I8) | M87: =IF(OR(D87="",F87=""),"",((D87-F87)/D87)*100) | N87: =IF(K87="","",K87/10000) | O87: =IF(OR(N87="",L87="",L87=0),"",(N87/L87)*100)
A88: M3 | B88: 600 | C88: 3 | K88: =IF(J88="","",J88*1000) | L88: =IF('1 - Mix Reference'!I8="","",'1 - Mix Reference'!I8) | M88: =IF(OR(D88="",F88=""),"",((D88-F88)/D88)*100) | N88: =IF(K88="","",K88/10000) | O88: =IF(OR(N88="",L88="",L88=0),"",(N88/L88)*100)
A89: M4 | B89: 600 | C89: 1 | K89: =IF(J89="","",J89*1000) | L89: =IF('1 - Mix Reference'!I9="","",'1 - Mix Reference'!I9) | M89: =IF(OR(D89="",F89=""),"",((D89-F89)/D89)*100) | N89: =IF(K89="","",K89/10000) | O89: =IF(OR(N89="",L89="",L89=0),"",(N89/L89)*100)
A90: M4 | B90: 600 | C90: 2 | K90: =IF(J90="","",J90*1000) | L90: =IF('1 - Mix Reference'!I9="","",'1 - Mix Reference'!I9) | M90: =IF(OR(D90="",F90=""),"",((D90-F90)/D90)*100) | N90: =IF(K90="","",K90/10000) | O90: =IF(OR(N90="",L90="",L90=0),"",(N90/L90)*100)
A91: M4 | B91: 600 | C91: 3 | K91: =IF(J91="","",J91*1000) | L91: =IF('1 - Mix Reference'!I9="","",'1 - Mix Reference'!I9) | M91: =IF(OR(D91="",F91=""),"",((D91-F91)/D91)*100) | N91: =IF(K91="","",K91/10000) | O91: =IF(OR(N91="",L91="",L91=0),"",(N91/L91)*100)
A92: M5 | B92: 600 | C92: 1 | K92: =IF(J92="","",J92*1000) | L92: =IF('1 - Mix Reference'!I10="","",'1 - Mix Reference'!I10) | M92: =IF(OR(D92="",F92=""),"",((D92-F92)/D92)*100) | N92: =IF(K92="","",K92/10000) | O92: =IF(OR(N92="",L92="",L92=0),"",(N92/L92)*100)
A93: M5 | B93: 600 | C93: 2 | K93: =IF(J93="","",J93*1000) | L93: =IF('1 - Mix Reference'!I10="","",'1 - Mix Reference'!I10) | M93: =IF(OR(D93="",F93=""),"",((D93-F93)/D93)*100) | N93: =IF(K93="","",K93/10000) | O93: =IF(OR(N93="",L93="",L93=0),"",(N93/L93)*100)
A94: M5 | B94: 600 | C94: 3 | K94: =IF(J94="","",J94*1000) | L94: =IF('1 - Mix Reference'!I10="","",'1 - Mix Reference'!I10) | M94: =IF(OR(D94="",F94=""),"",((D94-F94)/D94)*100) | N94: =IF(K94="","",K94/10000) | O94: =IF(OR(N94="",L94="",L94=0),"",(N94/L94)*100)
A95: M6 | B95: 600 | C95: 1 | K95: =IF(J95="","",J95*1000) | L95: =IF('1 - Mix Reference'!I11="","",'1 - Mix Reference'!I11) | M95: =IF(OR(D95="",F95=""),"",((D95-F95)/D95)*100) | N95: =IF(K95="","",K95/10000) | O95: =IF(OR(N95="",L95="",L95=0),"",(N95/L95)*100)
A96: M6 | B96: 600 | C96: 2 | K96: =IF(J96="","",J96*1000) | L96: =IF('1 - Mix Reference'!I11="","",'1 - Mix Reference'!I11) | M96: =IF(OR(D96="",F96=""),"",((D96-F96)/D96)*100) | N96: =IF(K96="","",K96/10000) | O96: =IF(OR(N96="",L96="",L96=0),"",(N96/L96)*100)
A97: M6 | B97: 600 | C97: 3 | K97: =IF(J97="","",J97*1000) | L97: =IF('1 - Mix Reference'!I11="","",'1 - Mix Reference'!I11) | M97: =IF(OR(D97="",F97=""),"",((D97-F97)/D97)*100) | N97: =IF(K97="","",K97/10000) | O97: =IF(OR(N97="",L97="",L97=0),"",(N97/L97)*100)
A98: M7 | B98: 600 | C98: 1 | K98: =IF(J98="","",J98*1000) | L98: =IF('1 - Mix Reference'!I12="","",'1 - Mix Reference'!I12) | M98: =IF(OR(D98="",F98=""),"",((D98-F98)/D98)*100) | N98: =IF(K98="","",K98/10000) | O98: =IF(OR(N98="",L98="",L98=0),"",(N98/L98)*100)
A99: M7 | B99: 600 | C99: 2 | K99: =IF(J99="","",J99*1000) | L99: =IF('1 - Mix Reference'!I12="","",'1 - Mix Reference'!I12) | M99: =IF(OR(D99="",F99=""),"",((D99-F99)/D99)*100) | N99: =IF(K99="","",K99/10000) | O99: =IF(OR(N99="",L99="",L99=0),"",(N99/L99)*100)
A100: M7 | B100: 600 | C100: 3 | K100: =IF(J100="","",J100*1000) | L100: =IF('1 - Mix Reference'!I12="","",'1 - Mix Reference'!I12) | M100: =IF(OR(D100="",F100=""),"",((D100-F100)/D100)*100) | N100: =IF(K100="","",K100/10000) | O100: =IF(OR(N100="",L100="",L100=0),"",(N100/L100)*100)
...

Sheet 3 - Charts & Curves
A1: SCGPC Fire Resistance Analysis — Graphical Charts & Temperature Curves
A2: Automated bar charts and curve diagrams, placed before the results summaries. They redraw as data is entered in Sheet 2. Chart source tables are below the charts (row 128 onwards). Grey N/A entries in tables 5–8 = data not entered yet (keeps curves from dropping to zero).
A4: CHART GROUP A: Curve diagrams — Residual strength (%) vs Temperature
A24: CHART GROUP B: Curve diagrams — Effect of SCBA replacement level at each temperature
A44: CHART GROUP C: Curve diagrams — Mass loss (%) vs Temperature
A64: CHART GROUP D: Bar charts — Comparison of all 12 mixes (clustered by temperature)
A104: CHART GROUP E: Key comparisons — Control vs key mix M9, and NaOH 4M vs 6M
A127: CHART SOURCE TABLES — formula-driven from Sheets 1, 2, 4 and 5 (do not edit)
A128: DATA TABLE 1: Residual Compressive Strength (%) Across Temperatures
A129: Mix ID | B129: SCBA (%) | C129: Molarity | D129: 200°C | E129: 400°C | F129: 600°C | G129: 800°C
A130: M0 | B130: ='1 - Mix Reference'!B5 -> 0 | C130: ='1 - Mix Reference'!C5 -> 4M | D130: ='4 - Residual Strength Summary'!D5 -> Data pending | E130: ='4 - Residual Strength Summary'!E5 -> Data pending | F130: ='4 - Residual Strength Summary'!F5 -> Data pending | G130: ='4 - Residual Strength Summary'!G5 -> Data pending
A131: M1 | B131: ='1 - Mix Reference'!B6 -> 5 | C131: ='1 - Mix Reference'!C6 -> 4M | D131: ='4 - Residual Strength Summary'!D6 -> Data pending | E131: ='4 - Residual Strength Summary'!E6 -> Data pending | F131: ='4 - Residual Strength Summary'!F6 -> Data pending | G131: ='4 - Residual Strength Summary'!G6 -> Data pending
A132: M2 | B132: ='1 - Mix Reference'!B7 -> 10 | C132: ='1 - Mix Reference'!C7 -> 4M | D132: ='4 - Residual Strength Summary'!D7 -> Data pending | E132: ='4 - Residual Strength Summary'!E7 -> Data pending | F132: ='4 - Residual Strength Summary'!F7 -> Data pending | G132: ='4 - Residual Strength Summary'!G7 -> Data pending
A133: M3 | B133: ='1 - Mix Reference'!B8 -> 15 | C133: ='1 - Mix Reference'!C8 -> 4M | D133: ='4 - Residual Strength Summary'!D8 -> Data pending | E133: ='4 - Residual Strength Summary'!E8 -> Data pending | F133: ='4 - Residual Strength Summary'!F8 -> Data pending | G133: ='4 - Residual Strength Summary'!G8 -> Data pending
A134: M4 | B134: ='1 - Mix Reference'!B9 -> 20 | C134: ='1 - Mix Reference'!C9 -> 4M | D134: ='4 - Residual Strength Summary'!D9 -> Data pending | E134: ='4 - Residual Strength Summary'!E9 -> Data pending | F134: ='4 - Residual Strength Summary'!F9 -> Data pending | G134: ='4 - Residual Strength Summary'!G9 -> Data pending
A135: M5 | B135: ='1 - Mix Reference'!B10 -> 25 | C135: ='1 - Mix Reference'!C10 -> 4M | D135: ='4 - Residual Strength Summary'!D10 -> Data pending | E135: ='4 - Residual Strength Summary'!E10 -> Data pending | F135: ='4 - Residual Strength Summary'!F10 -> Data pending | G135: ='4 - Residual Strength Summary'!G10 -> Data pending
A136: M6 | B136: ='1 - Mix Reference'!B11 -> 0 | C136: ='1 - Mix Reference'!C11 -> 6M | D136: ='4 - Residual Strength Summary'!D11 -> Data pending | E136: ='4 - Residual Strength Summary'!E11 -> Data pending | F136: ='4 - Residual Strength Summary'!F11 -> Data pending | G136: ='4 - Residual Strength Summary'!G11 -> Data pending
A137: M7 | B137: ='1 - Mix Reference'!B12 -> 5 | C137: ='1 - Mix Reference'!C12 -> 6M | D137: ='4 - Residual Strength Summary'!D12 -> Data pending | E137: ='4 - Residual Strength Summary'!E12 -> Data pending | F137: ='4 - Residual Strength Summary'!F12 -> Data pending | G137: ='4 - Residual Strength Summary'!G12 -> Data pending
A138: M8 | B138: ='1 - Mix Reference'!B13 -> 10 | C138: ='1 - Mix Reference'!C13 -> 6M | D138: ='4 - Residual Strength Summary'!D13 -> Data pending | E138: ='4 - Residual Strength Summary'!E13 -> Data pending | F138: ='4 - Residual Strength Summary'!F13 -> Data pending | G138: ='4 - Residual Strength Summary'!G13 -> Data pending
A139: M9 | B139: ='1 - Mix Reference'!B14 -> 15 | C139: ='1 - Mix Reference'!C14 -> 6M | D139: ='4 - Residual Strength Summary'!D14 -> Data pending | E139: ='4 - Residual Strength Summary'!E14 -> Data pending | F139: ='4 - Residual Strength Summary'!F14 -> Data pending | G139: ='4 - Residual Strength Summary'!G14 -> Data pending
A140: M10 | B140: ='1 - Mix Reference'!B15 -> 20 | C140: ='1 - Mix Reference'!C15 -> 6M | D140: ='4 - Residual Strength Summary'!D15 -> Data pending | E140: ='4 - Residual Strength Summary'!E15 -> Data pending | F140: ='4 - Residual Strength Summary'!F15 -> Data pending | G140: ='4 - Residual Strength Summary'!G15 -> Data pending
A141: M11 | B141: ='1 - Mix Reference'!B16 -> 25 | C141: ='1 - Mix Reference'!C16 -> 6M | D141: ='4 - Residual Strength Summary'!D16 -> Data pending | E141: ='4 - Residual Strength Summary'!E16 -> Data pending | F141: ='4 - Residual Strength Summary'!F16 -> Data pending | G141: ='4 - Residual Strength Summary'!G16 -> Data pending
A143: DATA TABLE 2: Mass Loss (%) Across Temperatures
A144: Mix ID | B144: SCBA (%) | C144: Molarity | D144: 200°C | E144: 400°C | F144: 600°C | G144: 800°C
A145: M0 | B145: ='1 - Mix Reference'!B5 -> 0 | C145: ='1 - Mix Reference'!C5 -> 4M | D145: ='5 - Mass Loss Summary'!D5 -> Data pending | E145: ='5 - Mass Loss Summary'!E5 -> Data pending | F145: ='5 - Mass Loss Summary'!F5 -> Data pending | G145: ='5 - Mass Loss Summary'!G5 -> Data pending
A146: M1 | B146: ='1 - Mix Reference'!B6 -> 5 | C146: ='1 - Mix Reference'!C6 -> 4M | D146: ='5 - Mass Loss Summary'!D6 -> Data pending | E146: ='5 - Mass Loss Summary'!E6 -> Data pending | F146: ='5 - Mass Loss Summary'!F6 -> Data pending | G146: ='5 - Mass Loss Summary'!G6 -> Data pending
A147: M2 | B147: ='1 - Mix Reference'!B7 -> 10 | C147: ='1 - Mix Reference'!C7 -> 4M | D147: ='5 - Mass Loss Summary'!D7 -> Data pending | E147: ='5 - Mass Loss Summary'!E7 -> Data pending | F147: ='5 - Mass Loss Summary'!F7 -> Data pending | G147: ='5 - Mass Loss Summary'!G7 -> Data pending
A148: M3 | B148: ='1 - Mix Reference'!B8 -> 15 | C148: ='1 - Mix Reference'!C8 -> 4M | D148: ='5 - Mass Loss Summary'!D8 -> Data pending | E148: ='5 - Mass Loss Summary'!E8 -> Data pending | F148: ='5 - Mass Loss Summary'!F8 -> Data pending | G148: ='5 - Mass Loss Summary'!G8 -> Data pending
A149: M4 | B149: ='1 - Mix Reference'!B9 -> 20 | C149: ='1 - Mix Reference'!C9 -> 4M | D149: ='5 - Mass Loss Summary'!D9 -> Data pending | E149: ='5 - Mass Loss Summary'!E9 -> Data pending | F149: ='5 - Mass Loss Summary'!F9 -> Data pending | G149: ='5 - Mass Loss Summary'!G9 -> Data pending
A150: M5 | B150: ='1 - Mix Reference'!B10 -> 25 | C150: ='1 - Mix Reference'!C10 -> 4M | D150: ='5 - Mass Loss Summary'!D10 -> Data pending | E150: ='5 - Mass Loss Summary'!E10 -> Data pending | F150: ='5 - Mass Loss Summary'!F10 -> Data pending | G150: ='5 - Mass Loss Summary'!G10 -> Data pending
A151: M6 | B151: ='1 - Mix Reference'!B11 -> 0 | C151: ='1 - Mix Reference'!C11 -> 6M | D151: ='5 - Mass Loss Summary'!D11 -> Data pending | E151: ='5 - Mass Loss Summary'!E11 -> Data pending | F151: ='5 - Mass Loss Summary'!F11 -> Data pending | G151: ='5 - Mass Loss Summary'!G11 -> Data pending
A152: M7 | B152: ='1 - Mix Reference'!B12 -> 5 | C152: ='1 - Mix Reference'!C12 -> 6M | D152: ='5 - Mass Loss Summary'!D12 -> Data pending | E152: ='5 - Mass Loss Summary'!E12 -> Data pending | F152: ='5 - Mass Loss Summary'!F12 -> Data pending | G152: ='5 - Mass Loss Summary'!G12 -> Data pending
A153: M8 | B153: ='1 - Mix Reference'!B13 -> 10 | C153: ='1 - Mix Reference'!C13 -> 6M | D153: ='5 - Mass Loss Summary'!D13 -> Data pending | E153: ='5 - Mass Loss Summary'!E13 -> Data pending | F153: ='5 - Mass Loss Summary'!F13 -> Data pending | G153: ='5 - Mass Loss Summary'!G13 -> Data pending
A154: M9 | B154: ='1 - Mix Reference'!B14 -> 15 | C154: ='1 - Mix Reference'!C14 -> 6M | D154: ='5 - Mass Loss Summary'!D14 -> Data pending | E154: ='5 - Mass Loss Summary'!E14 -> Data pending | F154: ='5 - Mass Loss Summary'!F14 -> Data pending | G154: ='5 - Mass Loss Summary'!G14 -> Data pending
A155: M10 | B155: ='1 - Mix Reference'!B15 -> 20 | C155: ='1 - Mix Reference'!C15 -> 6M | D155: ='5 - Mass Loss Summary'!D15 -> Data pending | E155: ='5 - Mass Loss Summary'!E15 -> Data pending | F155: ='5 - Mass Loss Summary'!F15 -> Data pending | G155: ='5 - Mass Loss Summary'!G15 -> Data pending
A156: M11 | B156: ='1 - Mix Reference'!B16 -> 25 | C156: ='1 - Mix Reference'!C16 -> 6M | D156: ='5 - Mass Loss Summary'!D16 -> Data pending | E156: ='5 - Mass Loss Summary'!E16 -> Data pending | F156: ='5 - Mass Loss Summary'!F16 -> Data pending | G156: ='5 - Mass Loss Summary'!G16 -> Data pending
A158: DATA TABLE 3: Residual Compressive Strength (MPa) — average of 3 replicates
A159: Mix ID | B159: SCBA (%) | C159: Molarity | D159: 200°C | E159: 400°C | F159: 600°C | G159: 800°C
A160: M0 | B160: ='1 - Mix Reference'!B5 -> 0 | C160: ='1 - Mix Reference'!C5 -> 4M | D160: =IF(COUNT('2 - Raw Data Entry'!N5:N7)=0,"Data pending",AVERAGE('2 - Raw Data Entry'!N5:N7)) -> Data pending | E160: =IF(COUNT('2 - Raw Data Entry'!N41:N43)=0,"Data pending",AVERAGE('2 - Raw Data Entry'!N41:N43)) -> Data pending | F160: =IF(COUNT('2 - Raw Data Entry'!N77:N79)=0,"Data pending",AVERAGE('2 - Raw Data Entry'!N77:N79)) -> Data pending | G160: =IF(COUNT('2 - Raw Data Entry'!N113:N115)=0,"Data pending",AVERAGE('2 - Raw Data Entry'!N113:N115)) -> Data pending
A161: M1 | B161: ='1 - Mix Reference'!B6 -> 5 | C161: ='1 - Mix Reference'!C6 -> 4M | D161: =IF(COUNT('2 - Raw Data Entry'!N8:N10)=0,"Data pending",AVERAGE('2 - Raw Data Entry'!N8:N10)) -> Data pending | E161: =IF(COUNT('2 - Raw Data Entry'!N44:N46)=0,"Data pending",AVERAGE('2 - Raw Data Entry'!N44:N46)) -> Data pending | F161: =IF(COUNT('2 - Raw Data Entry'!N80:N82)=0,"Data pending",AVERAGE('2 - Raw Data Entry'!N80:N82)) -> Data pending | G161: =IF(COUNT('2 - Raw Data Entry'!N116:N118)=0,"Data pending",AVERAGE('2 - Raw Data Entry'!N116:N118)) -> Data pending
A162: M2 | B162: ='1 - Mix Reference'!B7 -> 10 | C162: ='1 - Mix Reference'!C7 -> 4M | D162: =IF(COUNT('2 - Raw Data Entry'!N11:N13)=0,"Data pending",AVERAGE('2 - Raw Data Entry'!N11:N13)) -> Data pending | E162: =IF(COUNT('2 - Raw Data Entry'!N47:N49)=0,"Data pending",AVERAGE('2 - Raw Data Entry'!N47:N49)) -> Data pending | F162: =IF(COUNT('2 - Raw Data Entry'!N83:N85)=0,"Data pending",AVERAGE('2 - Raw Data Entry'!N83:N85)) -> Data pending | G162: =IF(COUNT('2 - Raw Data Entry'!N119:N121)=0,"Data pending",AVERAGE('2 - Raw Data Entry'!N119:N121)) -> Data pending
A163: M3 | B163: ='1 - Mix Reference'!B8 -> 15 | C163: ='1 - Mix Reference'!C8 -> 4M | D163: =IF(COUNT('2 - Raw Data Entry'!N14:N16)=0,"Data pending",AVERAGE('2 - Raw Data Entry'!N14:N16)) -> Data pending | E163: =IF(COUNT('2 - Raw Data Entry'!N50:N52)=0,"Data pending",AVERAGE('2 - Raw Data Entry'!N50:N52)) -> Data pending | F163: =IF(COUNT('2 - Raw Data Entry'!N86:N88)=0,"Data pending",AVERAGE('2 - Raw Data Entry'!N86:N88)) -> Data pending | G163: =IF(COUNT('2 - Raw Data Entry'!N122:N124)=0,"Data pending",AVERAGE('2 - Raw Data Entry'!N122:N124)) -> Data pending
A164: M4 | B164: ='1 - Mix Reference'!B9 -> 20 | C164: ='1 - Mix Reference'!C9 -> 4M | D164: =IF(COUNT('2 - Raw Data Entry'!N17:N19)=0,"Data pending",AVERAGE('2 - Raw Data Entry'!N17:N19)) -> Data pending | E164: =IF(COUNT('2 - Raw Data Entry'!N53:N55)=0,"Data pending",AVERAGE('2 - Raw Data Entry'!N53:N55)) -> Data pending | F164: =IF(COUNT('2 - Raw Data Entry'!N89:N91)=0,"Data pending",AVERAGE('2 - Raw Data Entry'!N89:N91)) -> Data pending | G164: =IF(COUNT('2 - Raw Data Entry'!N125:N127)=0,"Data pending",AVERAGE('2 - Raw Data Entry'!N125:N127)) -> Data pending
A165: M5 | B165: ='1 - Mix Reference'!B10 -> 25 | C165: ='1 - Mix Reference'!C10 -> 4M | D165: =IF(COUNT('2 - Raw Data Entry'!N20:N22)=0,"Data pending",AVERAGE('2 - Raw Data Entry'!N20:N22)) -> Data pending | E165: =IF(COUNT('2 - Raw Data Entry'!N56:N58)=0,"Data pending",AVERAGE('2 - Raw Data Entry'!N56:N58)) -> Data pending | F165: =IF(COUNT('2 - Raw Data Entry'!N92:N94)=0,"Data pending",AVERAGE('2 - Raw Data Entry'!N92:N94)) -> Data pending | G165: =IF(COUNT('2 - Raw Data Entry'!N128:N130)=0,"Data pending",AVERAGE('2 - Raw Data Entry'!N128:N130)) -> Data pending
A166: M6 | B166: ='1 - Mix Reference'!B11 -> 0 | C166: ='1 - Mix Reference'!C11 -> 6M | D166: =IF(COUNT('2 - Raw Data Entry'!N23:N25)=0,"Data pending",AVERAGE('2 - Raw Data Entry'!N23:N25)) -> Data pending | E166: =IF(COUNT('2 - Raw Data Entry'!N59:N61)=0,"Data pending",AVERAGE('2 - Raw Data Entry'!N59:N61)) -> Data pending | F166: =IF(COUNT('2 - Raw Data Entry'!N95:N97)=0,"Data pending",AVERAGE('2 - Raw Data Entry'!N95:N97)) -> Data pending | G166: =IF(COUNT('2 - Raw Data Entry'!N131:N133)=0,"Data pending",AVERAGE('2 - Raw Data Entry'!N131:N133)) -> Data pending
A167: M7 | B167: ='1 - Mix Reference'!B12 -> 5 | C167: ='1 - Mix Reference'!C12 -> 6M | D167: =IF(COUNT('2 - Raw Data Entry'!N26:N28)=0,"Data pending",AVERAGE('2 - Raw Data Entry'!N26:N28)) -> Data pending | E167: =IF(COUNT('2 - Raw Data Entry'!N62:N64)=0,"Data pending",AVERAGE('2 - Raw Data Entry'!N62:N64)) -> Data pending | F167: =IF(COUNT('2 - Raw Data Entry'!N98:N100)=0,"Data pending",AVERAGE('2 - Raw Data Entry'!N98:N100)) -> Data pending | G167: =IF(COUNT('2 - Raw Data Entry'!N134:N136)=0,"Data pending",AVERAGE('2 - Raw Data Entry'!N134:N136)) -> Data pending
A168: M8 | B168: ='1 - Mix Reference'!B13 -> 10 | C168: ='1 - Mix Reference'!C13 -> 6M | D168: =IF(COUNT('2 - Raw Data Entry'!N29:N31)=0,"Data pending",AVERAGE('2 - Raw Data Entry'!N29:N31)) -> Data pending | E168: =IF(COUNT('2 - Raw Data Entry'!N65:N67)=0,"Data pending",AVERAGE('2 - Raw Data Entry'!N65:N67)) -> Data pending | F168: =IF(COUNT('2 - Raw Data Entry'!N101:N103)=0,"Data pending",AVERAGE('2 - Raw Data Entry'!N101:N103)) -> Data pending | G168: =IF(COUNT('2 - Raw Data Entry'!N137:N139)=0,"Data pending",AVERAGE('2 - Raw Data Entry'!N137:N139)) -> Data pending
A169: M9 | B169: ='1 - Mix Reference'!B14 -> 15 | C169: ='1 - Mix Reference'!C14 -> 6M | D169: =IF(COUNT('2 - Raw Data Entry'!N32:N34)=0,"Data pending",AVERAGE('2 - Raw Data Entry'!N32:N34)) -> Data pending | E169: =IF(COUNT('2 - Raw Data Entry'!N68:N70)=0,"Data pending",AVERAGE('2 - Raw Data Entry'!N68:N70)) -> Data pending | F169: =IF(COUNT('2 - Raw Data Entry'!N104:N106)=0,"Data pending",AVERAGE('2 - Raw Data Entry'!N104:N106)) -> Data pending | G169: =IF(COUNT('2 - Raw Data Entry'!N140:N142)=0,"Data pending",AVERAGE('2 - Raw Data Entry'!N140:N142)) -> Data pending
A170: M10 | B170: ='1 - Mix Reference'!B15 -> 20 | C170: ='1 - Mix Reference'!C15 -> 6M | D170: =IF(COUNT('2 - Raw Data Entry'!N35:N37)=0,"Data pending",AVERAGE('2 - Raw Data Entry'!N35:N37)) -> Data pending | E170: =IF(COUNT('2 - Raw Data Entry'!N71:N73)=0,"Data pending",AVERAGE('2 - Raw Data Entry'!N71:N73)) -> Data pending | F170: =IF(COUNT('2 - Raw Data Entry'!N107:N109)=0,"Data pending",AVERAGE('2 - Raw Data Entry'!N107:N109)) -> Data pending | G170: =IF(COUNT('2 - Raw Data Entry'!N143:N145)=0,"Data pending",AVERAGE('2 - Raw Data Entry'!N143:N145)) -> Data pending
A171: M11 | B171: ='1 - Mix Reference'!B16 -> 25 | C171: ='1 - Mix Reference'!C16 -> 6M | D171: =IF(COUNT('2 - Raw Data Entry'!N38:N40)=0,"Data pending",AVERAGE('2 - Raw Data Entry'!N38:N40)) -> Data pending | E171: =IF(COUNT('2 - Raw Data Entry'!N74:N76)=0,"Data pending",AVERAGE('2 - Raw Data Entry'!N74:N76)) -> Data pending | F171: =IF(COUNT('2 - Raw Data Entry'!N110:N112)=0,"Data pending",AVERAGE('2 - Raw Data Entry'!N110:N112)) -> Data pending | G171: =IF(COUNT('2 - Raw Data Entry'!N146:N148)=0,"Data pending",AVERAGE('2 - Raw Data Entry'!N146:N148)) -> Data pending
A173: DATA TABLE 4: 28-Day Compressive Strength (MPa) — Batch 1 baseline
A174: Mix ID | B174: SCBA (%) | C174: Molarity | D174: 28-Day (MPa)
A175: M0 | B175: ='1 - Mix Reference'!B5 -> 0 | C175: ='1 - Mix Reference'!C5 -> 4M | D175: =IF('1 - Mix Reference'!I5="","Data pending",'1 - Mix Reference'!I5) -> Data pending
A176: M1 | B176: ='1 - Mix Reference'!B6 -> 5 | C176: ='1 - Mix Reference'!C6 -> 4M | D176: =IF('1 - Mix Reference'!I6="","Data pending",'1 - Mix Reference'!I6) -> Data pending
A177: M2 | B177: ='1 - Mix Reference'!B7 -> 10 | C177: ='1 - Mix Reference'!C7 -> 4M | D177: =IF('1 - Mix Reference'!I7="","Data pending",'1 - Mix Reference'!I7) -> Data pending
A178: M3 | B178: ='1 - Mix Reference'!B8 -> 15 | C178: ='1 - Mix Reference'!C8 -> 4M | D178: =IF('1 - Mix Reference'!I8="","Data pending",'1 - Mix Reference'!I8) -> Data pending
A179: M4 | B179: ='1 - Mix Reference'!B9 -> 20 | C179: ='1 - Mix Reference'!C9 -> 4M | D179: =IF('1 - Mix Reference'!I9="","Data pending",'1 - Mix Reference'!I9) -> Data pending
A180: M5 | B180: ='1 - Mix Reference'!B10 -> 25 | C180: ='1 - Mix Reference'!C10 -> 4M | D180: =IF('1 - Mix Reference'!I10="","Data pending",'1 - Mix Reference'!I10) -> Data pending
A181: M6 | B181: ='1 - Mix Reference'!B11 -> 0 | C181: ='1 - Mix Reference'!C11 -> 6M | D181: =IF('1 - Mix Reference'!I11="","Data pending",'1 - Mix Reference'!I11) -> Data pending
A182: M7 | B182: ='1 - Mix Reference'!B12 -> 5 | C182: ='1 - Mix Reference'!C12 -> 6M | D182: =IF('1 - Mix Reference'!I12="","Data pending",'1 - Mix Reference'!I12) -> Data pending
A183: M8 | B183: ='1 - Mix Reference'!B13 -> 10 | C183: ='1 - Mix Reference'!C13 -> 6M | D183: =IF('1 - Mix Reference'!I13="","Data pending",'1 - Mix Reference'!I13) -> Data pending
A184: M9 | B184: ='1 - Mix Reference'!B14 -> 15 | C184: ='1 - Mix Reference'!C14 -> 6M | D184: =IF('1 - Mix Reference'!I14="","Data pending",'1 - Mix Reference'!I14) -> Data pending
A185: M10 | B185: ='1 - Mix Reference'!B15 -> 20 | C185: ='1 - Mix Reference'!C15 -> 6M | D185: =IF('1 - Mix Reference'!I15="","Data pending",'1 - Mix Reference'!I15) -> Data pending
A186: M11 | B186: ='1 - Mix Reference'!B16 -> 25 | C186: ='1 - Mix Reference'!C16 -> 6M | D186: =IF('1 - Mix Reference'!I16="","Data pending",'1 - Mix Reference'!I16) -> Data pending
A188: DATA TABLE 5: Residual Strength Degradation Curves (X-Axis: Temperature °C)
A189: Temperature (°C) | B189: M0 (0% SCBA, 4M) | C189: M1 (5% SCBA, 4M) | D189: M2 (10% SCBA, 4M) | E189: M3 (15% SCBA, 4M) | F189: M4 (20% SCBA, 4M) | G189: M5 (25% SCBA, 4M) | H189: M6 (0% SCBA, 6M) | I189: M7 (5% SCBA, 6M) | J189: M8 (10% SCBA, 6M) | K189: M9 (15% SCBA, 6M) | L189: M10 (20% SCBA, 6M) | M189: M11 (25% SCBA, 6M)
A190: 25°C (Ambient) | B190: 100 | C190: 100 | D190: 100 | E190: 100 | F190: 100 | G190: 100 | H190: 100 | I190: 100 | J190: 100 | K190: 100 | L190: 100 | M190: 100
A191: 200°C | B191: =IF(ISNUMBER(D130),D130,NA()) -> #N/A | C191: =IF(ISNUMBER(D131),D131,NA()) -> #N/A | D191: =IF(ISNUMBER(D132),D132,NA()) -> #N/A | E191: =IF(ISNUMBER(D133),D133,NA()) -> #N/A | F191: =IF(ISNUMBER(D134),D134,NA()) -> #N/A | G191: =IF(ISNUMBER(D135),D135,NA()) -> #N/A | H191: =IF(ISNUMBER(D136),D136,NA()) -> #N/A | I191: =IF(ISNUMBER(D137),D137,NA()) -> #N/A | J191: =IF(ISNUMBER(D138),D138,NA()) -> #N/A | K191: =IF(ISNUMBER(D139),D139,NA()) -> #N/A | L191: =IF(ISNUMBER(D140),D140,NA()) -> #N/A | M191: =IF(ISNUMBER(D141),D141,NA()) -> #N/A
A192: 400°C | B192: =IF(ISNUMBER(E130),E130,NA()) -> #N/A | C192: =IF(ISNUMBER(E131),E131,NA()) -> #N/A | D192: =IF(ISNUMBER(E132),E132,NA()) -> #N/A | E192: =IF(ISNUMBER(E133),E133,NA()) -> #N/A | F192: =IF(ISNUMBER(E134),E134,NA()) -> #N/A | G192: =IF(ISNUMBER(E135),E135,NA()) -> #N/A | H192: =IF(ISNUMBER(E136),E136,NA()) -> #N/A | I192: =IF(ISNUMBER(E137),E137,NA()) -> #N/A | J192: =IF(ISNUMBER(E138),E138,NA()) -> #N/A | K192: =IF(ISNUMBER(E139),E139,NA()) -> #N/A | L192: =IF(ISNUMBER(E140),E140,NA()) -> #N/A | M192: =IF(ISNUMBER(E141),E141,NA()) -> #N/A
A193: 600°C | B193: =IF(ISNUMBER(F130),F130,NA()) -> #N/A | C193: =IF(ISNUMBER(F131),F131,NA()) -> #N/A | D193: =IF(ISNUMBER(F132),F132,NA()) -> #N/A | E193: =IF(ISNUMBER(F133),F133,NA()) -> #N/A | F193: =IF(ISNUMBER(F134),F134,NA()) -> #N/A | G193: =IF(ISNUMBER(F135),F135,NA()) -> #N/A | H193: =IF(ISNUMBER(F136),F136,NA()) -> #N/A | I193: =IF(ISNUMBER(F137),F137,NA()) -> #N/A | J193: =IF(ISNUMBER(F138),F138,NA()) -> #N/A | K193: =IF(ISNUMBER(F139),F139,NA()) -> #N/A | L193: =IF(ISNUMBER(F140),F140,NA()) -> #N/A | M193: =IF(ISNUMBER(F141),F141,NA()) -> #N/A
A194: 800°C | B194: =IF(ISNUMBER(G130),G130,NA()) -> #N/A | C194: =IF(ISNUMBER(G131),G131,NA()) -> #N/A | D194: =IF(ISNUMBER(G132),G132,NA()) -> #N/A | E194: =IF(ISNUMBER(G133),G133,NA()) -> #N/A | F194: =IF(ISNUMBER(G134),G134,NA()) -> #N/A | G194: =IF(ISNUMBER(G135),G135,NA()) -> #N/A | H194: =IF(ISNUMBER(G136),G136,NA()) -> #N/A | I194: =IF(ISNUMBER(G137),G137,NA()) -> #N/A | J194: =IF(ISNUMBER(G138),G138,NA()) -> #N/A | K194: =IF(ISNUMBER(G139),G139,NA()) -> #N/A | L194: =IF(ISNUMBER(G140),G140,NA()) -> #N/A | M194: =IF(ISNUMBER(G141),G141,NA()) -> #N/A
A197: DATA TABLE 6: Mass Loss Curves (X-Axis: Temperature °C)
A198: Temperature (°C) | B198: M0 (0% SCBA, 4M) | C198: M1 (5% SCBA, 4M) | D198: M2 (10% SCBA, 4M) | E198: M3 (15% SCBA, 4M) | F198: M4 (20% SCBA, 4M) | G198: M5 (25% SCBA, 4M) | H198: M6 (0% SCBA, 6M) | I198: M7 (5% SCBA, 6M) | J198: M8 (10% SCBA, 6M) | K198: M9 (15% SCBA, 6M) | L198: M10 (20% SCBA, 6M) | M198: M11 (25% SCBA, 6M)
A199: 25°C (Ambient) | B199: 0 | C199: 0 | D199: 0 | E199: 0 | F199: 0 | G199: 0 | H199: 0 | I199: 0 | J199: 0 | K199: 0 | L199: 0 | M199: 0
A200: 200°C | B200: =IF(ISNUMBER(D145),D145,NA()) -> #N/A | C200: =IF(ISNUMBER(D146),D146,NA()) -> #N/A | D200: =IF(ISNUMBER(D147),D147,NA()) -> #N/A | E200: =IF(ISNUMBER(D148),D148,NA()) -> #N/A | F200: =IF(ISNUMBER(D149),D149,NA()) -> #N/A | G200: =IF(ISNUMBER(D150),D150,NA()) -> #N/A | H200: =IF(ISNUMBER(D151),D151,NA()) -> #N/A | I200: =IF(ISNUMBER(D152),D152,NA()) -> #N/A | J200: =IF(ISNUMBER(D153),D153,NA()) -> #N/A | K200: =IF(ISNUMBER(D154),D154,NA()) -> #N/A | L200: =IF(ISNUMBER(D155),D155,NA()) -> #N/A | M200: =IF(ISNUMBER(D156),D156,NA()) -> #N/A
A201: 400°C | B201: =IF(ISNUMBER(E145),E145,NA()) -> #N/A | C201: =IF(ISNUMBER(E146),E146,NA()) -> #N/A | D201: =IF(ISNUMBER(E147),E147,NA()) -> #N/A | E201: =IF(ISNUMBER(E148),E148,NA()) -> #N/A | F201: =IF(ISNUMBER(E149),E149,NA()) -> #N/A | G201: =IF(ISNUMBER(E150),E150,NA()) -> #N/A | H201: =IF(ISNUMBER(E151),E151,NA()) -> #N/A | I201: =IF(ISNUMBER(E152),E152,NA()) -> #N/A | J201: =IF(ISNUMBER(E153),E153,NA()) -> #N/A | K201: =IF(ISNUMBER(E154),E154,NA()) -> #N/A | L201: =IF(ISNUMBER(E155),E155,NA()) -> #N/A | M201: =IF(ISNUMBER(E156),E156,NA()) -> #N/A
A202: 600°C | B202: =IF(ISNUMBER(F145),F145,NA()) -> #N/A | C202: =IF(ISNUMBER(F146),F146,NA()) -> #N/A | D202: =IF(ISNUMBER(F147),F147,NA()) -> #N/A | E202: =IF(ISNUMBER(F148),F148,NA()) -> #N/A | F202: =IF(ISNUMBER(F149),F149,NA()) -> #N/A | G202: =IF(ISNUMBER(F150),F150,NA()) -> #N/A | H202: =IF(ISNUMBER(F151),F151,NA()) -> #N/A | I202: =IF(ISNUMBER(F152),F152,NA()) -> #N/A | J202: =IF(ISNUMBER(F153),F153,NA()) -> #N/A | K202: =IF(ISNUMBER(F154),F154,NA()) -> #N/A | L202: =IF(ISNUMBER(F155),F155,NA()) -> #N/A | M202: =IF(ISNUMBER(F156),F156,NA()) -> #N/A
A203: 800°C | B203: =IF(ISNUMBER(G145),G145,NA()) -> #N/A | C203: =IF(ISNUMBER(G146),G146,NA()) -> #N/A | D203: =IF(ISNUMBER(G147),G147,NA()) -> #N/A | E203: =IF(ISNUMBER(G148),G148,NA()) -> #N/A | F203: =IF(ISNUMBER(G149),G149,NA()) -> #N/A | G203: =IF(ISNUMBER(G150),G150,NA()) -> #N/A | H203: =IF(ISNUMBER(G151),G151,NA()) -> #N/A | I203: =IF(ISNUMBER(G152),G152,NA()) -> #N/A | J203: =IF(ISNUMBER(G153),G153,NA()) -> #N/A | K203: =IF(ISNUMBER(G154),G154,NA()) -> #N/A | L203: =IF(ISNUMBER(G155),G155,NA()) -> #N/A | M203: =IF(ISNUMBER(G156),G156,NA()) -> #N/A
A206: DATA TABLE 7A: Residual Strength (%) vs SCBA Replacement — 4M NaOH
A207: SCBA (%) | B207: 200°C | C207: 400°C | D207: 600°C | E207: 800°C
A208: 0 | B208: =IF(ISNUMBER(D130),D130,NA()) -> #N/A | C208: =IF(ISNUMBER(E130),E130,NA()) -> #N/A | D208: =IF(ISNUMBER(F130),F130,NA()) -> #N/A | E208: =IF(ISNUMBER(G130),G130,NA()) -> #N/A
A209: 5 | B209: =IF(ISNUMBER(D131),D131,NA()) -> #N/A | C209: =IF(ISNUMBER(E131),E131,NA()) -> #N/A | D209: =IF(ISNUMBER(F131),F131,NA()) -> #N/A | E209: =IF(ISNUMBER(G131),G131,NA()) -> #N/A
A210: 10 | B210: =IF(ISNUMBER(D132),D132,NA()) -> #N/A | C210: =IF(ISNUMBER(E132),E132,NA()) -> #N/A | D210: =IF(ISNUMBER(F132),F132,NA()) -> #N/A | E210: =IF(ISNUMBER(G132),G132,NA()) -> #N/A
A211: 15 | B211: =IF(ISNUMBER(D133),D133,NA()) -> #N/A | C211: =IF(ISNUMBER(E133),E133,NA()) -> #N/A | D211: =IF(ISNUMBER(F133),F133,NA()) -> #N/A | E211: =IF(ISNUMBER(G133),G133,NA()) -> #N/A
A212: 20 | B212: =IF(ISNUMBER(D134),D134,NA()) -> #N/A | C212: =IF(ISNUMBER(E134),E134,NA()) -> #N/A | D212: =IF(ISNUMBER(F134),F134,NA()) -> #N/A | E212: =IF(ISNUMBER(G134),G134,NA()) -> #N/A
A213: 25 | B213: =IF(ISNUMBER(D135),D135,NA()) -> #N/A | C213: =IF(ISNUMBER(E135),E135,NA()) -> #N/A | D213: =IF(ISNUMBER(F135),F135,NA()) -> #N/A | E213: =IF(ISNUMBER(G135),G135,NA()) -> #N/A
A215: DATA TABLE 7B: Residual Strength (%) vs SCBA Replacement — 6M NaOH
A216: SCBA (%) | B216: 200°C | C216: 400°C | D216: 600°C | E216: 800°C
A217: 0 | B217: =IF(ISNUMBER(D136),D136,NA()) -> #N/A | C217: =IF(ISNUMBER(E136),E136,NA()) -> #N/A | D217: =IF(ISNUMBER(F136),F136,NA()) -> #N/A | E217: =IF(ISNUMBER(G136),G136,NA()) -> #N/A
A218: 5 | B218: =IF(ISNUMBER(D137),D137,NA()) -> #N/A | C218: =IF(ISNUMBER(E137),E137,NA()) -> #N/A | D218: =IF(ISNUMBER(F137),F137,NA()) -> #N/A | E218: =IF(ISNUMBER(G137),G137,NA()) -> #N/A
A219: 10 | B219: =IF(ISNUMBER(D138),D138,NA()) -> #N/A | C219: =IF(ISNUMBER(E138),E138,NA()) -> #N/A | D219: =IF(ISNUMBER(F138),F138,NA()) -> #N/A | E219: =IF(ISNUMBER(G138),G138,NA()) -> #N/A
A220: 15 | B220: =IF(ISNUMBER(D139),D139,NA()) -> #N/A | C220: =IF(ISNUMBER(E139),E139,NA()) -> #N/A | D220: =IF(ISNUMBER(F139),F139,NA()) -> #N/A | E220: =IF(ISNUMBER(G139),G139,NA()) -> #N/A
A221: 20 | B221: =IF(ISNUMBER(D140),D140,NA()) -> #N/A | C221: =IF(ISNUMBER(E140),E140,NA()) -> #N/A | D221: =IF(ISNUMBER(F140),F140,NA()) -> #N/A | E221: =IF(ISNUMBER(G140),G140,NA()) -> #N/A
A222: 25 | B222: =IF(ISNUMBER(D141),D141,NA()) -> #N/A | C222: =IF(ISNUMBER(E141),E141,NA()) -> #N/A | D222: =IF(ISNUMBER(F141),F141,NA()) -> #N/A | E222: =IF(ISNUMBER(G141),G141,NA()) -> #N/A
A224: DATA TABLE 8: Average Residual Strength (%) over all SCBA levels — 4M vs 6M NaOH
A225: Temperature (°C) | B225: 4M NaOH (avg) | C225: 6M NaOH (avg)
A226: 200°C | B226: =IF(COUNT(D130:D135)=6,AVERAGE(D130:D135),NA()) -> #N/A | C226: =IF(COUNT(D136:D141)=6,AVERAGE(D136:D141),NA()) -> #N/A
A227: 400°C | B227: =IF(COUNT(E130:E135)=6,AVERAGE(E130:E135),NA()) -> #N/A | C227: =IF(COUNT(E136:E141)=6,AVERAGE(E136:E141),NA()) -> #N/A
A228: 600°C | B228: =IF(COUNT(F130:F135)=6,AVERAGE(F130:F135),NA()) -> #N/A | C228: =IF(COUNT(F136:F141)=6,AVERAGE(F136:F141),NA()) -> #N/A
A229: 800°C | B229: =IF(COUNT(G130:G135)=6,AVERAGE(G130:G135),NA()) -> #N/A | C229: =IF(COUNT(G136:G141)=6,AVERAGE(G136:G141),NA()) -> #N/A

Sheet 4 - Residual Strength Summary
A1: Residual Strength Summary — Average per Mix per Temperature
A2: Values are AVERAGE of 3 replicates. Residual Strength % = (Residual Compressive Strength / 28-Day Strength) × 100.
A4: Mix ID | B4: Series / Molarity | C4: SCBA (%) | D4: 200°C Residual Strength (%) | E4: 400°C Residual Strength (%) | F4: 600°C Residual Strength (%) | G4: 800°C Residual Strength (%) | H4: Mix Notes & Findings
A5: M0 | B5: 4M NaOH | C5: 0 | D5: =IF(COUNT('2 - Raw Data Entry'!O5:O7)=0,"Data pending",AVERAGE('2 - Raw Data Entry'!O5:O7)) -> Data pending | E5: =IF(COUNT('2 - Raw Data Entry'!O41:O43)=0,"Data pending",AVERAGE('2 - Raw Data Entry'!O41:O43)) -> Data pending | F5: =IF(COUNT('2 - Raw Data Entry'!O77:O79)=0,"Data pending",AVERAGE('2 - Raw Data Entry'!O77:O79)) -> Data pending | G5: =IF(COUNT('2 - Raw Data Entry'!O113:O115)=0,"Data pending",AVERAGE('2 - Raw Data Entry'!O113:O115)) -> Data pending | H5: Baseline — 0% SCBA, FA:GGBS 70:30, 4M NaOH
A6: M1 | B6: 4M NaOH | C6: 5 | D6: =IF(COUNT('2 - Raw Data Entry'!O8:O10)=0,"Data pending",AVERAGE('2 - Raw Data Entry'!O8:O10)) -> Data pending | E6: =IF(COUNT('2 - Raw Data Entry'!O44:O46)=0,"Data pending",AVERAGE('2 - Raw Data Entry'!O44:O46)) -> Data pending | F6: =IF(COUNT('2 - Raw Data Entry'!O80:O82)=0,"Data pending",AVERAGE('2 - Raw Data Entry'!O80:O82)) -> Data pending | G6: =IF(COUNT('2 - Raw Data Entry'!O116:O118)=0,"Data pending",AVERAGE('2 - Raw Data Entry'!O116:O118)) -> Data pending | H6: 5% SCBA replacement
A7: M2 | B7: 4M NaOH | C7: 10 | D7: =IF(COUNT('2 - Raw Data Entry'!O11:O13)=0,"Data pending",AVERAGE('2 - Raw Data Entry'!O11:O13)) -> Data pending | E7: =IF(COUNT('2 - Raw Data Entry'!O47:O49)=0,"Data pending",AVERAGE('2 - Raw Data Entry'!O47:O49)) -> Data pending | F7: =IF(COUNT('2 - Raw Data Entry'!O83:O85)=0,"Data pending",AVERAGE('2 - Raw Data Entry'!O83:O85)) -> Data pending | G7: =IF(COUNT('2 - Raw Data Entry'!O119:O121)=0,"Data pending",AVERAGE('2 - Raw Data Entry'!O119:O121)) -> Data pending | H7: 10% SCBA replacement
A8: M3 | B8: 4M NaOH | C8: 15 | D8: =IF(COUNT('2 - Raw Data Entry'!O14:O16)=0,"Data pending",AVERAGE('2 - Raw Data Entry'!O14:O16)) -> Data pending | E8: =IF(COUNT('2 - Raw Data Entry'!O50:O52)=0,"Data pending",AVERAGE('2 - Raw Data Entry'!O50:O52)) -> Data pending | F8: =IF(COUNT('2 - Raw Data Entry'!O86:O88)=0,"Data pending",AVERAGE('2 - Raw Data Entry'!O86:O88)) -> Data pending | G8: =IF(COUNT('2 - Raw Data Entry'!O122:O124)=0,"Data pending",AVERAGE('2 - Raw Data Entry'!O122:O124)) -> Data pending | H8: 15% SCBA replacement
A9: M4 | B9: 4M NaOH | C9: 20 | D9: =IF(COUNT('2 - Raw Data Entry'!O17:O19)=0,"Data pending",AVERAGE('2 - Raw Data Entry'!O17:O19)) -> Data pending | E9: =IF(COUNT('2 - Raw Data Entry'!O53:O55)=0,"Data pending",AVERAGE('2 - Raw Data Entry'!O53:O55)) -> Data pending | F9: =IF(COUNT('2 - Raw Data Entry'!O89:O91)=0,"Data pending",AVERAGE('2 - Raw Data Entry'!O89:O91)) -> Data pending | G9: =IF(COUNT('2 - Raw Data Entry'!O125:O127)=0,"Data pending",AVERAGE('2 - Raw Data Entry'!O125:O127)) -> Data pending | H9: 20% SCBA replacement
A10: M5 | B10: 4M NaOH | C10: 25 | D10: =IF(COUNT('2 - Raw Data Entry'!O20:O22)=0,"Data pending",AVERAGE('2 - Raw Data Entry'!O20:O22)) -> Data pending | E10: =IF(COUNT('2 - Raw Data Entry'!O56:O58)=0,"Data pending",AVERAGE('2 - Raw Data Entry'!O56:O58)) -> Data pending | F10: =IF(COUNT('2 - Raw Data Entry'!O92:O94)=0,"Data pending",AVERAGE('2 - Raw Data Entry'!O92:O94)) -> Data pending | G10: =IF(COUNT('2 - Raw Data Entry'!O128:O130)=0,"Data pending",AVERAGE('2 - Raw Data Entry'!O128:O130)) -> Data pending | H10: 25% SCBA upper bound — watch workability
A11: M6 | B11: 6M NaOH | C11: 0 | D11: =IF(COUNT('2 - Raw Data Entry'!O23:O25)=0,"Data pending",AVERAGE('2 - Raw Data Entry'!O23:O25)) -> Data pending | E11: =IF(COUNT('2 - Raw Data Entry'!O59:O61)=0,"Data pending",AVERAGE('2 - Raw Data Entry'!O59:O61)) -> Data pending | F11: =IF(COUNT('2 - Raw Data Entry'!O95:O97)=0,"Data pending",AVERAGE('2 - Raw Data Entry'!O95:O97)) -> Data pending | G11: =IF(COUNT('2 - Raw Data Entry'!O131:O133)=0,"Data pending",AVERAGE('2 - Raw Data Entry'!O131:O133)) -> Data pending | H11: Baseline — 0% SCBA, FA:GGBS 70:30, 6M NaOH
A12: M7 | B12: 6M NaOH | C12: 5 | D12: =IF(COUNT('2 - Raw Data Entry'!O26:O28)=0,"Data pending",AVERAGE('2 - Raw Data Entry'!O26:O28)) -> Data pending | E12: =IF(COUNT('2 - Raw Data Entry'!O62:O64)=0,"Data pending",AVERAGE('2 - Raw Data Entry'!O62:O64)) -> Data pending | F12: =IF(COUNT('2 - Raw Data Entry'!O98:O100)=0,"Data pending",AVERAGE('2 - Raw Data Entry'!O98:O100)) -> Data pending | G12: =IF(COUNT('2 - Raw Data Entry'!O134:O136)=0,"Data pending",AVERAGE('2 - Raw Data Entry'!O134:O136)) -> Data pending | H12: 5% SCBA replacement
A13: M8 | B13: 6M NaOH | C13: 10 | D13: =IF(COUNT('2 - Raw Data Entry'!O29:O31)=0,"Data pending",AVERAGE('2 - Raw Data Entry'!O29:O31)) -> Data pending | E13: =IF(COUNT('2 - Raw Data Entry'!O65:O67)=0,"Data pending",AVERAGE('2 - Raw Data Entry'!O65:O67)) -> Data pending | F13: =IF(COUNT('2 - Raw Data Entry'!O101:O103)=0,"Data pending",AVERAGE('2 - Raw Data Entry'!O101:O103)) -> Data pending | G13: =IF(COUNT('2 - Raw Data Entry'!O137:O139)=0,"Data pending",AVERAGE('2 - Raw Data Entry'!O137:O139)) -> Data pending | H13: 10% SCBA replacement
A14: M9 | B14: 6M NaOH | C14: 15 | D14: =IF(COUNT('2 - Raw Data Entry'!O32:O34)=0,"Data pending",AVERAGE('2 - Raw Data Entry'!O32:O34)) -> Data pending | E14: =IF(COUNT('2 - Raw Data Entry'!O68:O70)=0,"Data pending",AVERAGE('2 - Raw Data Entry'!O68:O70)) -> Data pending | F14: =IF(COUNT('2 - Raw Data Entry'!O104:O106)=0,"Data pending",AVERAGE('2 - Raw Data Entry'!O104:O106)) -> Data pending | G14: =IF(COUNT('2 - Raw Data Entry'!O140:O142)=0,"Data pending",AVERAGE('2 - Raw Data Entry'!O140:O142)) -> Data pending | H14: 15% SCBA — likely optimum mix
A15: M10 | B15: 6M NaOH | C15: 20 | D15: =IF(COUNT('2 - Raw Data Entry'!O35:O37)=0,"Data pending",AVERAGE('2 - Raw Data Entry'!O35:O37)) -> Data pending | E15: =IF(COUNT('2 - Raw Data Entry'!O71:O73)=0,"Data pending",AVERAGE('2 - Raw Data Entry'!O71:O73)) -> Data pending | F15: =IF(COUNT('2 - Raw Data Entry'!O107:O109)=0,"Data pending",AVERAGE('2 - Raw Data Entry'!O107:O109)) -> Data pending | G15: =IF(COUNT('2 - Raw Data Entry'!O143:O145)=0,"Data pending",AVERAGE('2 - Raw Data Entry'!O143:O145)) -> Data pending | H15: 20% SCBA replacement
A16: M11 | B16: 6M NaOH | C16: 25 | D16: =IF(COUNT('2 - Raw Data Entry'!O38:O40)=0,"Data pending",AVERAGE('2 - Raw Data Entry'!O38:O40)) -> Data pending | E16: =IF(COUNT('2 - Raw Data Entry'!O74:O76)=0,"Data pending",AVERAGE('2 - Raw Data Entry'!O74:O76)) -> Data pending | F16: =IF(COUNT('2 - Raw Data Entry'!O110:O112)=0,"Data pending",AVERAGE('2 - Raw Data Entry'!O110:O112)) -> Data pending | G16: =IF(COUNT('2 - Raw Data Entry'!O146:O148)=0,"Data pending",AVERAGE('2 - Raw Data Entry'!O146:O148)) -> Data pending | H16: 25% SCBA upper bound — watch workability

Sheet 5 - Mass Loss Summary
A1: Mass Loss Summary — Average per Mix per Temperature
A2: Mass Loss % = ((Pre-fire mass − Post-fire mass) ÷ Pre-fire mass) × 100. Values are average of 3 replicates.
A4: Mix ID | B4: Series / Molarity | C4: SCBA (%) | D4: 200°C Mass Loss (%) | E4: 400°C Mass Loss (%) | F4: 600°C Mass Loss (%) | G4: 800°C Mass Loss (%) | H4: Mix Notes & Observations
A5: M0 | B5: 4M NaOH | C5: 0 | D5: =IF(COUNT('2 - Raw Data Entry'!M5:M7)=0,"Data pending",AVERAGE('2 - Raw Data Entry'!M5:M7)) -> Data pending | E5: =IF(COUNT('2 - Raw Data Entry'!M41:M43)=0,"Data pending",AVERAGE('2 - Raw Data Entry'!M41:M43)) -> Data pending | F5: =IF(COUNT('2 - Raw Data Entry'!M77:M79)=0,"Data pending",AVERAGE('2 - Raw Data Entry'!M77:M79)) -> Data pending | G5: =IF(COUNT('2 - Raw Data Entry'!M113:M115)=0,"Data pending",AVERAGE('2 - Raw Data Entry'!M113:M115)) -> Data pending | H5: Baseline — 0% SCBA, FA:GGBS 70:30, 4M NaOH
A6: M1 | B6: 4M NaOH | C6: 5 | D6: =IF(COUNT('2 - Raw Data Entry'!M8:M10)=0,"Data pending",AVERAGE('2 - Raw Data Entry'!M8:M10)) -> Data pending | E6: =IF(COUNT('2 - Raw Data Entry'!M44:M46)=0,"Data pending",AVERAGE('2 - Raw Data Entry'!M44:M46)) -> Data pending | F6: =IF(COUNT('2 - Raw Data Entry'!M80:M82)=0,"Data pending",AVERAGE('2 - Raw Data Entry'!M80:M82)) -> Data pending | G6: =IF(COUNT('2 - Raw Data Entry'!M116:M118)=0,"Data pending",AVERAGE('2 - Raw Data Entry'!M116:M118)) -> Data pending | H6: 5% SCBA replacement
A7: M2 | B7: 4M NaOH | C7: 10 | D7: =IF(COUNT('2 - Raw Data Entry'!M11:M13)=0,"Data pending",AVERAGE('2 - Raw Data Entry'!M11:M13)) -> Data pending | E7: =IF(COUNT('2 - Raw Data Entry'!M47:M49)=0,"Data pending",AVERAGE('2 - Raw Data Entry'!M47:M49)) -> Data pending | F7: =IF(COUNT('2 - Raw Data Entry'!M83:M85)=0,"Data pending",AVERAGE('2 - Raw Data Entry'!M83:M85)) -> Data pending | G7: =IF(COUNT('2 - Raw Data Entry'!M119:M121)=0,"Data pending",AVERAGE('2 - Raw Data Entry'!M119:M121)) -> Data pending | H7: 10% SCBA replacement
A8: M3 | B8: 4M NaOH | C8: 15 | D8: =IF(COUNT('2 - Raw Data Entry'!M14:M16)=0,"Data pending",AVERAGE('2 - Raw Data Entry'!M14:M16)) -> Data pending | E8: =IF(COUNT('2 - Raw Data Entry'!M50:M52)=0,"Data pending",AVERAGE('2 - Raw Data Entry'!M50:M52)) -> Data pending | F8: =IF(COUNT('2 - Raw Data Entry'!M86:M88)=0,"Data pending",AVERAGE('2 - Raw Data Entry'!M86:M88)) -> Data pending | G8: =IF(COUNT('2 - Raw Data Entry'!M122:M124)=0,"Data pending",AVERAGE('2 - Raw Data Entry'!M122:M124)) -> Data pending | H8: 15% SCBA replacement
A9: M4 | B9: 4M NaOH | C9: 20 | D9: =IF(COUNT('2 - Raw Data Entry'!M17:M19)=0,"Data pending",AVERAGE('2 - Raw Data Entry'!M17:M19)) -> Data pending | E9: =IF(COUNT('2 - Raw Data Entry'!M53:M55)=0,"Data pending",AVERAGE('2 - Raw Data Entry'!M53:M55)) -> Data pending | F9: =IF(COUNT('2 - Raw Data Entry'!M89:M91)=0,"Data pending",AVERAGE('2 - Raw Data Entry'!M89:M91)) -> Data pending | G9: =IF(COUNT('2 - Raw Data Entry'!M125:M127)=0,"Data pending",AVERAGE('2 - Raw Data Entry'!M125:M127)) -> Data pending | H9: 20% SCBA replacement
A10: M5 | B10: 4M NaOH | C10: 25 | D10: =IF(COUNT('2 - Raw Data Entry'!M20:M22)=0,"Data pending",AVERAGE('2 - Raw Data Entry'!M20:M22)) -> Data pending | E10: =IF(COUNT('2 - Raw Data Entry'!M56:M58)=0,"Data pending",AVERAGE('2 - Raw Data Entry'!M56:M58)) -> Data pending | F10: =IF(COUNT('2 - Raw Data Entry'!M92:M94)=0,"Data pending",AVERAGE('2 - Raw Data Entry'!M92:M94)) -> Data pending | G10: =IF(COUNT('2 - Raw Data Entry'!M128:M130)=0,"Data pending",AVERAGE('2 - Raw Data Entry'!M128:M130)) -> Data pending | H10: 25% SCBA upper bound — watch workability
A11: M6 | B11: 6M NaOH | C11: 0 | D11: =IF(COUNT('2 - Raw Data Entry'!M23:M25)=0,"Data pending",AVERAGE('2 - Raw Data Entry'!M23:M25)) -> Data pending | E11: =IF(COUNT('2 - Raw Data Entry'!M59:M61)=0,"Data pending",AVERAGE('2 - Raw Data Entry'!M59:M61)) -> Data pending | F11: =IF(COUNT('2 - Raw Data Entry'!M95:M97)=0,"Data pending",AVERAGE('2 - Raw Data Entry'!M95:M97)) -> Data pending | G11: =IF(COUNT('2 - Raw Data Entry'!M131:M133)=0,"Data pending",AVERAGE('2 - Raw Data Entry'!M131:M133)) -> Data pending | H11: Baseline — 0% SCBA, FA:GGBS 70:30, 6M NaOH
A12: M7 | B12: 6M NaOH | C12: 5 | D12: =IF(COUNT('2 - Raw Data Entry'!M26:M28)=0,"Data pending",AVERAGE('2 - Raw Data Entry'!M26:M28)) -> Data pending | E12: =IF(COUNT('2 - Raw Data Entry'!M62:M64)=0,"Data pending",AVERAGE('2 - Raw Data Entry'!M62:M64)) -> Data pending | F12: =IF(COUNT('2 - Raw Data Entry'!M98:M100)=0,"Data pending",AVERAGE('2 - Raw Data Entry'!M98:M100)) -> Data pending | G12: =IF(COUNT('2 - Raw Data Entry'!M134:M136)=0,"Data pending",AVERAGE('2 - Raw Data Entry'!M134:M136)) -> Data pending | H12: 5% SCBA replacement
A13: M8 | B13: 6M NaOH | C13: 10 | D13: =IF(COUNT('2 - Raw Data Entry'!M29:M31)=0,"Data pending",AVERAGE('2 - Raw Data Entry'!M29:M31)) -> Data pending | E13: =IF(COUNT('2 - Raw Data Entry'!M65:M67)=0,"Data pending",AVERAGE('2 - Raw Data Entry'!M65:M67)) -> Data pending | F13: =IF(COUNT('2 - Raw Data Entry'!M101:M103)=0,"Data pending",AVERAGE('2 - Raw Data Entry'!M101:M103)) -> Data pending | G13: =IF(COUNT('2 - Raw Data Entry'!M137:M139)=0,"Data pending",AVERAGE('2 - Raw Data Entry'!M137:M139)) -> Data pending | H13: 10% SCBA replacement
A14: M9 | B14: 6M NaOH | C14: 15 | D14: =IF(COUNT('2 - Raw Data Entry'!M32:M34)=0,"Data pending",AVERAGE('2 - Raw Data Entry'!M32:M34)) -> Data pending | E14: =IF(COUNT('2 - Raw Data Entry'!M68:M70)=0,"Data pending",AVERAGE('2 - Raw Data Entry'!M68:M70)) -> Data pending | F14: =IF(COUNT('2 - Raw Data Entry'!M104:M106)=0,"Data pending",AVERAGE('2 - Raw Data Entry'!M104:M106)) -> Data pending | G14: =IF(COUNT('2 - Raw Data Entry'!M140:M142)=0,"Data pending",AVERAGE('2 - Raw Data Entry'!M140:M142)) -> Data pending | H14: 15% SCBA — likely optimum mix
A15: M10 | B15: 6M NaOH | C15: 20 | D15: =IF(COUNT('2 - Raw Data Entry'!M35:M37)=0,"Data pending",AVERAGE('2 - Raw Data Entry'!M35:M37)) -> Data pending | E15: =IF(COUNT('2 - Raw Data Entry'!M71:M73)=0,"Data pending",AVERAGE('2 - Raw Data Entry'!M71:M73)) -> Data pending | F15: =IF(COUNT('2 - Raw Data Entry'!M107:M109)=0,"Data pending",AVERAGE('2 - Raw Data Entry'!M107:M109)) -> Data pending | G15: =IF(COUNT('2 - Raw Data Entry'!M143:M145)=0,"Data pending",AVERAGE('2 - Raw Data Entry'!M143:M145)) -> Data pending | H15: 20% SCBA replacement
A16: M11 | B16: 6M NaOH | C16: 25 | D16: =IF(COUNT('2 - Raw Data Entry'!M38:M40)=0,"Data pending",AVERAGE('2 - Raw Data Entry'!M38:M40)) -> Data pending | E16: =IF(COUNT('2 - Raw Data Entry'!M74:M76)=0,"Data pending",AVERAGE('2 - Raw Data Entry'!M74:M76)) -> Data pending | F16: =IF(COUNT('2 - Raw Data Entry'!M110:M112)=0,"Data pending",AVERAGE('2 - Raw Data Entry'!M110:M112)) -> Data pending | G16: =IF(COUNT('2 - Raw Data Entry'!M146:M148)=0,"Data pending",AVERAGE('2 - Raw Data Entry'!M146:M148)) -> Data pending | H16: 25% SCBA upper bound — watch workability

Sheet 6 - Visual Observations Log
A1: Visual Observations Log — Post-Fire Physical Appearance
A2: Colour Guide: White/Grey = mild heating (200°C) | Brown/Reddish ≈ 400°C | Dark grey/Black ≥ 600°C | Light pink/buff ≈ 800°C. Record for every specimen.
A4: Specimen Label (Mix-Temp-Rep) | B4: Mix ID | C4: Temperature (°C) | D4: Replicate | E4: Series Category | F4: Colour Description | G4: Surface Cracking (None/Minor/Major) | H4: Spalling Assessment (None/Partial/Severe) | I4: Additional Morphological Notes
A5: M0-200-1 | B5: M0 | C5: 200 | D5: 1 | E5: 4M Series (Control)
A6: M0-200-2 | B6: M0 | C6: 200 | D6: 2 | E6: 4M Series (Control)
A7: M0-200-3 | B7: M0 | C7: 200 | D7: 3 | E7: 4M Series (Control)
A8: M1-200-1 | B8: M1 | C8: 200 | D8: 1 | E8: 4M Series
A9: M1-200-2 | B9: M1 | C9: 200 | D9: 2 | E9: 4M Series
A10: M1-200-3 | B10: M1 | C10: 200 | D10: 3 | E10: 4M Series
A11: M2-200-1 | B11: M2 | C11: 200 | D11: 1 | E11: 4M Series
A12: M2-200-2 | B12: M2 | C12: 200 | D12: 2 | E12: 4M Series
A13: M2-200-3 | B13: M2 | C13: 200 | D13: 3 | E13: 4M Series
A14: M3-200-1 | B14: M3 | C14: 200 | D14: 1 | E14: 4M Series
A15: M3-200-2 | B15: M3 | C15: 200 | D15: 2 | E15: 4M Series
A16: M3-200-3 | B16: M3 | C16: 200 | D16: 3 | E16: 4M Series
... A148: M11-800-3 | B148: M11 | C148: 800 | D148: 3 | E148: 6M Series

Sheet 7 - Schedule & Checklist
A1: Testing Schedule & Pre-Test Quality Checklist — Weeks 14–16
A3: Week | B3: Temperature Batches | C3: Specimen Count | D3: Task Description & Protocol | E3: Responsible Batch | F3: Completed? (Y/N)
A4: Week 14 | B4: 200°C Batch | C4: 36 cubes (12 mixes × 3 reps) | D4: Run 200°C first. Heating rate 5–10°C/min, hold 2 hours. Allow natural air cooling. Weigh, photograph, test residual CTM strength. Record all data. | E4: B.Tech Batch 2
A5: Week 14 | B5: 400°C Batch | C5: 36 cubes (12 mixes × 3 reps) | D5: Moderate fire scenario. Hold at 400°C for 2 hours. Cool naturally to room temperature. Weigh, inspect colour change, test CTM. | E5: B.Tech Batch 2
A6: Week 15 | B6: 600°C Batch | C6: 36 cubes (12 mixes × 3 reps) | D6: Severe fire scenario — phase changes. Expect visible colour shifts and microcracking. Allow extended natural cooling. Test residual strength. | E6: B.Tech Batch 2
A7: Week 16 | B7: 800°C Batch | C7: 36 cubes (12 mixes × 3 reps) | D7: Extreme fire exposure — structural assessment. Spalling and significant mass loss likely. Ensure ventilation. Hand over full dataset to M.Tech student. | E7: B.Tech Batch 2
A10: PRE-TEST VERIFICATION CHECKLIST
A11: ☐ | B11: Laboratory Blockout | C11: Furnace booking confirmed for all 3 testing weeks (Weeks 14, 15, and 16) | F11: Pending
A12: ☐ | B12: Data Prerequisite | C12: Original 28-day compressive strength values received from M.Tech student (for all 12 mixes) | F12: Pending
A13: ☐ | B13: Specimen Verification | C13: All 144 concrete cubes received and verified from casting team | F13: Pending
A14: ☐ | B14: Specimen Labelling | C14: All cubes clearly labelled: Mix ID – Temperature – Replicate number (e.g., M9-600-3) | F14: Pending
A15: ☐ | B15: Mass Measurement | C15: High-precision digital balance available, cleaned, and calibrated | F15: Pending
A16: ☐ | B16: Strength Testing | C16: CTM (Compression Testing Machine) calibrated with loading rate set to 2.5 kN/s | F16: Pending
A17: ☐ | B17: Laboratory Safety | C17: Heat-resistant safety gloves, tongs, and protective face shields available | F17: Pending
A18: ☐ | B18: Hazard Mitigation | C18: Laboratory exhaust and ventilation system verified operational for 600°C and 800°C runs | F18: Pending
A19: ☐ | B19: Visual Evidence | C19: High-resolution camera/phone prepared for pre-fire, post-fire, and failure mode documentation | F19: Pending
A20: ☐ | B20: Thermal Shock Prevention | C20: CRITICAL SAFETY RULE: Understood that specimens must NEVER be quenched in water (air cooling only) | F20: Pending
